Time,C7,T10,CLAV,LFIN,LPSI,RBHD,RFIN,LFHD,RFHD,STRN,LBHD,LSHO,RSHO,LELB,RELB,LWRB,RWRB,LWRA,RWRA,LASI,RASI,LKNE,RKNE,LANK,RANK,LHEE,RHEE,LTOE,RTOE
0.0,2193.492203950882,2083.853930234909,2089.439630508423,2082.870453596115,2037.0280742645264,2041.4550602436066,2041.2465929985046,1093.9820110797882,864.44191634655,1805.7942390441895,1734.4103753566742,868.905633687973,-45.240726321935654,1751.0785162448883,1420.7954704761505,4077.9533982276917,4015.631377696991,4314.858913421631,4254.957735538483,655.2806496620178,-637.9074603319168,2451.288402080536,2098.5107123851776,3078.499734401703,1421.6360449790955,3011.711537837982,1255.0099194049835,4741.560220718384,2622.4207878112793,555.2806496620178,-5066.5271282196045,-5467.314720153809,-5470.8486795425415,-5472.896099090576,-5420.408248901367,-5430.479049682617,-5444.037318229675,-5753.49748134613,-5595.092177391052,-4991.998374462128,-4940.209090709686,-4374.593794345856,-3996.301591396332,-2777.7892351150513,-2199.624180793762,-2678.872048854828,-2089.1596376895905,-2654.486298561096,-2261.1814737319946,-141.60575345158577,-10.100920917466283,951.683446764946,-778.1970500946045,3287.5725626945496,3357.3099970817566,3823.6764073371887,4096.773564815521,1880.6299567222595,2633.882462978363,-141.60575345158577,-1309.7988069057465,-1205.3518742322922,-1202.6389688253403,-1210.4201316833496,-1529.1406214237213,-1539.0220284461975,-1536.5757048130035,-351.31122916936874,-1957.8517973423004,-1002.1089762449265,-1442.8019523620605,877.6320517063141,-2454.3720483779907,1425.8912205696106,-2772.461175918579,487.43654042482376,-2749.0943670272827,370.33606320619583,-2725.745439529419,1141.139343380928,-1107.5381934642792,342.49670803546906,-2241.1800920963287,1154.5858532190323,-1082.2174698114395,1413.9306545257568,-621.3902682065964,-87.27436885237694,-2488.2540106773376,1141.139343380928
0.0,2194.4451332092285,2081.485539674759,2086.9770646095276,2080.1743865013123,2036.9666814804077,2041.606605052948,2041.4794981479645,1084.7043246030807,864.0506118535995,1803.6280572414398,1735.94668507576,862.2837066650391,-40.216296911239624,1761.6532742977142,1439.2143487930298,4121.8313574790955,4027.397036552429,4373.048543930054,4266.962707042694,669.0215319395065,-650.0179320573807,2383.151203393936,2178.9802610874176,3065.2642250061035,1451.1509239673615,2989.974319934845,1257.7274441719055,4742.096960544586,2649.2512226104736,569.0215319395065,-5071.322917938232,-5474.391579627991,-5477.780699729919,-5479.6576499938965,-5425.630211830139,-5435.901880264282,-5449.603796005249,-5765.726566314697,-5598.948001861572,-4998.592734336853,-4945.087730884552,-4378.760457038879,-4009.530544281006,-2807.3716163635254,-2213.7728333473206,-2725.013792514801,-2101.656049489975,-2694.3185925483704,-2273.387312889099,-130.59142976999283,-31.304324511438608,1023.2532024383545,-768.9778506755829,3324.5262503623962,3301.9956946372986,3870.4803586006165,4030.4508805274963,1778.954416513443,2356.906086206436,-130.59142976999283,-1281.9962203502655,-1179.6703934669495,-1177.247315645218,-1184.9096417427063,-1503.017544746399,-1513.068974018097,-1510.4641020298004,-336.8751332163811,-1948.2207298278809,-979.0052473545074,-1419.8064804077148,892.145112156868,-2432.3642253875732,1446.6312527656555,-2761.2805366516113,478.79818826913834,-2753.0235052108765,354.29447889328003,-2727.0671725273132,1142.4081027507782,-1108.090803027153,340.44086933135986,-2370.1517283916473,1183.805763721466,-1090.0555551052094,1433.60435962677,-580.0082162022591,-95.73273360729218,-2508.6838006973267,1142.4081027507782
1.0,2200.5197405815125,2080.213874578476,2085.675299167633,2078.847587108612,2038.0429923534393,2042.8143441677094,2042.6459610462189,1073.0071365833282,862.3000979423523,1805.5272102355957,1745.0937628746033,848.8618582487106,7.09693122189492,1757.1833729743958,1513.3082866668701,4108.182787895203,4040.3512120246887,4355.522096157074,4276.087284088135,664.871484041214,-645.7829475402832,2232.2294116020203,2138.087898492813,2984.1166734695435,1336.0723853111267,2914.6838188171387,1131.4548552036285,4740.763902664185,2548.1748580932617,564.871484041214,-5084.331035614014,-5489.563941955566,-5492.514371871948,-5494.539737701416,-5438.032746315002,-5448.476672172546,-5461.834073066711,-5770.995020866394,-5598.726868629456,-5005.7220458984375,-4949.672818183899,-4391.241371631622,-4003.550708293915,-2855.9356927871704,-2217.7277505397797,-2738.1277084350586,-2111.842632293701,-2703.6958932876587,-2284.681349992752,-130.6590810418129,-32.68755041062832,995.6968575716019,-742.0448958873749,3321.273624897003,3332.754075527191,3875.0073313713074,4075.895845890045,1659.7995162010193,2315.6729340553284,-130.6590810418129,-1408.8605344295502,-1320.064216852188,-1318.4505701065063,-1325.1693546772003,-1642.8369283676147,-1654.0084779262543,-1650.9155929088593,-512.9564180970192,-2132.1184933185577,-1113.0841076374054,-1554.8746287822723,753.8928091526031,-2521.7097997665405,1332.5989246368408,-2848.4737873077393,386.7974877357483,-2821.092903614044,254.1644684970379,-2790.6957268714905,1136.9504034519196,-1101.994439959526,347.9943424463272,-2292.879670858383,1244.1371381282806,-930.8010339736938,1524.5452523231506,-398.6861929297447,-50.61475094407797,-2378.3929646015167,1136.9504034519196
1.0,2329.3739557266235,2204.034775495529,2209.2676162719727,2203.6993503570557,2184.101790189743,2189.9446845054626,2188.6371076107025,1118.2647943496704,1012.4098509550095,1897.0847129821777,1864.2573058605194,771.8471437692642,163.19673508405685,1763.6162042617798,1579.92884516716,4121.321439743042,3983.162045478821,4319.609105587006,4212.634861469269,525.5543068051338,-517.217107117176,2245.7557916641235,2269.856184720993,3075.4277110099792,2130.681127309799,3118.605315685272,2045.5342531204224,4456.659555435181,3309.7949624061584,425.5543068051338,-5012.913942337036,-5431.265234947205,-5435.740351676941,-5438.078045845032,-5357.206463813782,-5366.193652153015,-5379.859209060669,-5766.7475938797,-5519.140958786011,-4963.635504245758,-4877.012073993683,-4365.26894569397,-3994.8922395706177,-2770.9507942199707,-2093.198150396347,-2609.2854142189026,-1796.2084710597992,-2600.215971469879,-1957.981437444687,-120.74297294020653,7.307687774300575,926.9404411315918,-64.67264611274004,3523.312509059906,3666.2280559539795,3964.2593264579773,4256.508350372314,2699.846625328064,3388.1866931915283,-120.74297294020653,-1012.8746926784515,-914.0411019325256,-909.5314890146255,-916.3503348827362,-1258.3480775356293,-1268.2653963565826,-1263.657808303833,-150.3373682498932,-1832.12548494339,-736.7091625928879,-1199.3029713630676,1027.2075235843658,-2422.3466217517853,1440.390795469284,-2701.6404271125793,650.8459150791168,-2533.6191058158875,527.0752310752869,-2516.5271759033203,1129.9629509449005,-1098.0021208524704,550.4904687404633,-1938.9648735523224,1352.8046011924744,-767.8145170211792,1439.393013715744,-510.5423182249069,448.04323464632034,-1496.68350815773,1129.9629509449005
2.0,2319.236248731613,2179.0049970149994,2183.9475631713867,2178.2375872135162,2172.6085245609283,2177.731990814209,2176.7213940620422,1031.152680516243,1010.5346143245697,1877.7084350585938,1859.3674898147583,528.0882120132446,348.1116145849228,1193.9018964767456,1867.8626418113708,3422.6614236831665,4145.495593547821,3675.602376461029,4315.771460533142,398.7836092710495,-385.45139133930206,1929.8222661018372,2105.0798892974854,2832.4109315872192,1386.0790431499481,2844.630479812622,1204.7616392374039,4468.106925487518,2584.8382711410522,298.7836092710495,-5256.795883178711,-5674.629807472229,-5676.756501197815,-5679.016709327698,-5603.575706481934,-5614.339113235474,-5626.5681982040405,-5956.929922103882,-5693.087577819824,-5172.082185745239,-5088.702440261841,-4463.21576833725,-4070.5296397209167,-2873.9842772483826,-2251.851409673691,-2607.797086238861,-2111.309766769409,-2589.561343193054,-2275.647819042206,-120.6347905099392,-3.6217947490513325,1091.2103205919266,-342.99682825803757,3561.0905289649963,3702.40718126297,4097.870886325836,4435.652196407318,1863.4584546089172,2752.799093723297,-120.6347905099392,-980.4220497608185,-896.2894231081009,-892.9465711116791,-898.1407433748245,-1232.5336039066315,-1242.9218739271164,-1238.7991696596146,-167.5373874604702,-1829.9709260463715,-714.1827046871185,-1169.6451902389526,1003.4626722335815,-2290.976494550705,1404.6253263950348,-2667.485475540161,480.05156219005585,-2476.2898683547974,358.54171961545944,-2438.516467809677,1126.0493099689484,-1095.0995981693268,689.753070473671,-2067.473530769348,1619.115024805069,-952.8244286775589,1859.9505722522736,-572.6853758096695,538.1475761532784,-2202.8329968452454,1126.0493099689484
3.5,2275.5074501037598,2149.26615357399,2154.4618904590607,2149.309068918228,2103.5635471343994,2107.6811850070953,2107.471376657486,1018.6884552240372,883.2285553216934,1866.8432533740997,1809.6016347408295,772.8470861911774,116.2870042026043,1848.9575386047363,1599.3662178516388,4041.852056980133,4090.966284275055,4235.058128833771,4291.591644287109,502.8276517987251,-490.30568450689316,2805.9256076812744,3091.723620891571,3079.3744325637817,1842.3528969287872,3039.408028125763,1665.3154790401459,4103.443324565887,3045.4495549201965,402.8276517987251,-5248.361825942993,-5688.488483428955,-5693.706274032593,-5695.009231567383,-5612.749457359314,-5622.405409812927,-5635.714530944824,-5978.70945930481,-5706.348419189453,-5153.471231460571,-5066.884160041809,-4429.366886615753,-4031.219482421875,-2852.25510597229,-2240.8397495746613,-2751.300036907196,-2250.1270473003387,-2780.787944793701,-2435.9214305877686,-112.45075613260269,-1.841722842073068,-950.8512914180756,-1156.5540730953217,1767.81564950943,2196.35933637619,2213.0675613880157,2712.8979563713074,1501.0222792625427,2347.881644964218,-112.45075613260269,-964.3436968326569,-868.7127381563187,-864.3621951341629,-870.6061542034149,-1204.7217041254044,-1216.1964178085327,-1210.4251980781555,-74.22131951898336,-1702.4579644203186,-695.1563060283661,-1144.7709053754807,1145.0285464525223,-2269.987314939499,1722.0564186573029,-2622.801661491394,861.9688451290131,-2448.277473449707,747.4075257778168,-2434.634119272232,1135.5169862508774,-1104.854792356491,590.7239764928818,-2180.6252002716064,1464.9969339370728,-798.8797128200531,1671.4239120483398,-509.4285309314728,806.4090460538864,-991.1473840475082,1135.5169862508774
3.5,2292.565554380417,2169.8732674121857,2174.7398376464844,2170.579582452774,2134.8293125629425,2137.301415205002,2138.317823410034,1024.2187976837158,878.6749839782715,1850.3271043300629,1797.5898087024689,790.8637821674347,-337.7287834882736,1528.4191071987152,393.09173822402954,3127.9590725898743,2771.7524766921997,3220.5548882484436,2927.931547164917,498.9182576537132,-490.17518758773804,3255.6429505348206,3272.7256417274475,3297.240436077118,2497.304528951645,3231.481611728668,2384.200245141983,4074.745774269104,3286.2460613250732,398.9182576537132,-5068.169832229614,-5530.427098274231,-5537.709593772888,-5538.432002067566,-5441.59471988678,-5452.06606388092,-5467.7969217300415,-5978.535413742065,-5632.939338684082,-5058.505535125732,-4943.463206291199,-4416.267275810242,-4022.7076411247253,-2400.0367522239685,-1723.330318927765,-2328.716516494751,-2003.5359263420105,-2444.5870518684387,-2237.759828567505,-120.55653147399426,54.710060358047485,-249.10654872655869,165.54741188883781,2464.3316864967346,2838.274836540222,2858.91592502594,3358.396887779236,3346.329629421234,4223.227500915527,-120.55653147399426,-146.85706235468388,6.787679740227759,12.707207351922989,7.011808338575065,-359.2810407280922,-367.31958389282227,-363.3473441004753,824.5295286178589,-868.4813231229782,129.35415841639042,-343.8440337777138,1742.5967752933502,-1551.2554347515106,2144.8442339897156,-1743.8486218452454,931.2690794467926,-1480.2825450897217,867.3621714115143,-1451.275795698166,1098.1473326683044,-1076.9793391227722,535.7512831687927,-2066.4000511169434,491.41932278871536,-950.440913438797,441.9463500380516,-836.2878113985062,158.74920412898064,-1261.2290680408478,1098.1473326683044
4.5,1809.9445104599,1753.450185060501,1758.1485211849213,1756.7463219165802,1622.1272945404053,1624.9962151050568,1623.266190290451,914.5577251911163,392.45568215847015,1489.8866415023804,1314.823031425476,739.0262186527252,-649.3775546550751,1761.67830824852,-101.39113292098045,3428.40313911438,2432.5458705425262,3442.234992980957,2698.2444524765015,505.0906166434288,-506.4825341105461,3502.20650434494,3200.242519378662,3814.2994046211243,3092.215061187744,3853.430151939392,3064.3123388290405,4711.659848690033,3959.1768383979797,405.0906166434288,-5038.318634033203,-5469.10285949707,-5477.539300918579,-5479.691028594971,-5428.305864334106,-5436.771512031555,-5451.372265815735,-5763.691067695618,-5591.551065444946,-4977.142810821533,-4900.546073913574,-4007.2041749954224,-4090.4492139816284,-2096.8756079673767,-1608.918458223343,-1724.2489755153656,-893.9296752214432,-1772.8351056575775,-998.5851496458054,-39.90341443568468,25.5945255048573,-316.7549893260002,398.2817754149437,2360.699474811554,2573.294937610626,2732.5081825256348,3034.031093120575,3371.776044368744,3988.722264766693,-39.90341443568468,112.91090399026871,310.04929915070534,316.55557453632355,311.64759770035744,20.504356361925602,11.780314380303025,16.413703560829163,1284.3549251556396,-84.10243317484856,433.45995247364044,45.74462305754423,2101.922780275345,-804.4300973415375,2393.28533411026,-1285.1522862911224,1089.0202224254608,-1403.435468673706,982.9778224229813,-1376.9158720970154,1017.8955644369125,-1000.4673898220062,229.01738062500954,-1856.449842453003,-116.43853969871998,-1619.6301579475403,-190.13527780771255,-1577.4407982826233,-464.2072692513466,-1670.1023280620575,1017.8955644369125
4.5,1898.6178934574127,1792.1185493469238,1797.2470819950104,1795.1622605323792,1685.1013898849487,1686.0157251358032,1689.7527873516083,984.3803197145462,471.29761427640915,1544.3280339241028,1415.8208668231964,726.7120480537415,-521.5839296579361,1765.1885747909546,99.16718117892742,3514.0275955200195,2640.783190727234,3570.239841938019,2911.0264778137207,467.37581491470337,-472.69340604543686,3720.3797698020935,3635.6371641159058,4488.17253112793,4492.040574550629,4572.189748287201,4524.168372154236,5445.622801780701,5669.7845458984375,367.37581491470337,-4977.999925613403,-5420.447587966919,-5426.555871963501,-5429.731011390686,-5372.658371925354,-5379.154682159424,-5392.462611198425,-5753.918290138245,-5567.516088485718,-4924.5962500572205,-4849.092364311218,-4071.950912475586,-4076.0287642478943,-2193.6382353305817,-1551.5919029712677,-1827.620416879654,-1087.5450819730759,-1876.3867020606995,-1234.360933303833,-55.37470802664757,55.68141117691994,-926.8265962600708,-606.1536446213722,1972.6204872131348,2204.5519948005676,2339.205741882324,2574.2658972740173,3215.5880331993103,3534.190058708191,-55.37470802664757,-64.94711618870497,104.88377884030342,110.82629673182964,106.2974613159895,-209.62132140994072,-218.70095282793045,-214.15328606963158,1014.8841142654419,-486.2462356686592,239.18338119983673,-178.7448674440384,1958.1227004528046,-1158.0967903137207,2365.9491539001465,-1563.207507133484,1414.4842326641083,-1321.4144110679626,1314.379870891571,-1273.767501115799,1019.446924328804,-1002.4503618478775,809.9564909934998,-1681.9965839385986,800.0426739454269,-845.1595157384872,771.6599106788635,-820.4949647188187,701.9601762294769,-504.12334501743317,1019.446924328804
5.5,1938.4343922138214,1837.0252847671509,1841.8990075588226,1839.420348405838,1745.7599937915802,1747.4988102912903,1749.7000098228455,969.8323160409927,503.68718802928925,1565.641164779663,1450.556069612503,769.6639746427536,-510.14628261327744,1689.9000108242035,-214.4061028957367,3469.280004501343,2435.8685314655304,3565.761148929596,2736.5100383758545,466.9586941599846,-472.051277756691,3755.9762597084045,3748.411238193512,4455.519318580627,4478.74516248703,4529.238939285278,4492.4962520599365,5413.291454315186,5628.046989440918,366.9586941599846,-4969.931244850159,-5414.064526557922,-5419.855713844299,-5423.40099811554,-5362.648367881775,-5368.494391441345,-5381.760597229004,-5748.870968818665,-5553.491115570068,-4911.478161811829,-4834.209084510803,-4095.183312892914,-4022.950232028961,-2137.3434364795685,-1410.287320613861,-1786.5337431430817,-1013.1636261940002,-1844.6040153503418,-1181.9897592067719,-90.62307886779308,93.61124597489834,-834.7579091787338,-643.4488296508789,2030.5320620536804,2224.440276622772,2402.552366256714,2602.0336151123047,3152.2199511528015,3464.8415446281433,-90.62307886779308,-373.87557327747345,-209.1425098478794,-202.0784094929695,-204.81249317526817,-528.3178016543388,-538.383349776268,-532.0717021822929,654.221847653389,-867.6593750715256,-85.8598854392767,-505.90429455041885,1591.8157994747162,-1437.5630021095276,2009.0194046497345,-1626.4382004737854,871.494859457016,-1388.4726166725159,761.0794901847839,-1342.6527380943298,1015.6348347663879,-998.6971318721771,908.3616733551025,-1708.0438137054443,1005.0692409276962,-487.4352365732193,968.5881435871124,-332.5723484158516,845.5111086368561,-118.93955059349537,1015.6348347663879
6.5,1952.5016844272614,1815.0225281715393,1819.2672729492188,1816.4359033107758,1757.58957862854,1760.7729136943817,1758.9175701141357,810.9832555055618,542.522706091404,1557.8538179397583,1472.6856350898743,729.1610538959503,-501.52674317359924,1586.4565968513489,-187.07158043980598,3529.5554995536804,2449.892610311508,3673.6950278282166,2731.6758036613464,460.90099960565567,-466.93526208400726,3685.585856437683,3789.05713558197,4210.702478885651,4329.336583614349,4266.79790019989,4325.388669967651,4985.767602920532,5354.554653167725,360.90099960565567,-5093.511939048767,-5546.252131462097,-5551.934838294983,-5555.481314659119,-5460.9644412994385,-5466.442704200745,-5479.916334152222,-5844.559669494629,-5544.869899749756,-5010.770559310913,-4899.914562702179,-4205.089807510376,-3949.858546257019,-2166.214734315872,-1479.6650409698486,-1831.110268831253,-1089.2481356859207,-1887.580007314682,-1266.302615404129,-142.15846545994282,140.2716524899006,-1160.2170765399933,-910.9190106391907,1676.1201620101929,1804.2582273483276,2053.547501564026,2173.7830340862274,2732.836604118347,2937.2769594192505,-142.15846545994282,-580.8752775192261,-427.39659547805786,-419.9569672346115,-423.44823479652405,-766.3746178150177,-777.7174562215805,-770.4755663871765,392.42271333932877,-1237.2270226478577,-308.4833547472954,-757.3483884334564,1407.1300625801086,-1896.3223695755005,1930.6978583335876,-2099.0419387817383,916.5840595960617,-1804.1662871837616,804.7876507043839,-1767.4358189105988,1012.8828138113022,-995.8022087812424,844.6603268384933,-1871.7026710510254,978.0262410640717,-367.28013306856155,950.1256048679352,-169.3785935640335,794.9855923652649,93.48953142762184,1012.8828138113022
6.5,2042.626142501831,1917.7897274494171,1921.5212762355804,1918.3069467544556,1889.97283577919,1893.7842547893524,1890.8794224262238,856.194943189621,701.2535631656647,1613.8438880443573,1558.1326186656952,727.9852777719498,-408.2336649298668,1545.1706945896149,-62.41013761609793,3529.5939445495605,2463.6727571487427,3676.680326461792,2749.0952610969543,439.0154778957367,-446.23963534832,3661.247193813324,3898.9856839179993,4085.051119327545,4268.544316291809,4131.403565406799,4248.601496219635,4881.696105003357,5375.003814697266,339.0154778957367,-4977.5150418281555,-5433.199405670166,-5439.090132713318,-5442.259311676025,-5354.867577552795,-5360.7189655303955,-5374.55141544342,-5800.964832305908,-5515.546798706055,-4926.465153694153,-4825.492203235626,-4208.073616027832,-3942.221701145172,-2143.232524394989,-1477.247178554535,-1719.8750376701355,-1033.8658094406128,-1764.472872018814,-1186.5289509296417,-149.56348575651646,145.28293162584305,-1164.751574397087,-1002.1980106830597,1527.075171470642,1638.0728781223297,1862.3009324073792,2014.3221318721771,2700.8911967277527,2706.1977982521057,-149.56348575651646,-549.8308688402176,-392.1930864453316,-385.07524877786636,-388.57344537973404,-727.3826003074646,-738.1084561347961,-731.390193104744,438.6809468269348,-1187.6332759857178,-271.9602733850479,-717.6727056503296,1439.1955733299255,-1875.0756978988647,1994.9550926685333,-2078.007310628891,1119.161769747734,-1801.864206790924,1006.6836327314377,-1763.5324597358704,1017.9395228624344,-1000.6539523601532,882.1431547403336,-1892.121434211731,1052.5771230459213,-199.83500242233276,1022.7825492620468,12.372599449008703,947.0952302217484,282.9936519265175,1017.9395228624344
8.0,1969.1236317157745,1822.243183851242,1825.9458243846893,1823.0238556861877,1802.2574484348297,1806.5258860588074,1802.5565147399902,727.1580398082733,605.027824640274,1533.3186089992523,1488.7449145317078,619.3382665514946,-504.0786787867546,1316.7251646518707,-184.8405785858631,3289.211690425873,2377.82821059227,3445.063829421997,2662.4542474746704,445.7256942987442,-452.9338702559471,3657.180070877075,3610.520362854004,4121.0514307022095,4288.293421268463,4167.821705341339,4307.827055454254,4942.0782923698425,5445.029735565186,345.7256942987442,-5004.416108131409,-5457.481145858765,-5462.958812713623,-5466.243624687195,-5376.705527305603,-5382.704734802246,-5396.578311920166,-5813.252925872803,-5524.414777755737,-4947.333931922913,-4842.865467071533,-4214.692413806915,-3948.4435319900513,-2154.221087694168,-1483.5809171199799,-1734.2489957809448,-1056.8970441818237,-1777.840256690979,-1208.517923951149,-149.72380362451077,144.19719576835632,-1114.513799548149,-952.5592625141144,1726.3293266296387,1834.782361984253,2098.535895347595,2222.687304019928,2928.0823469161987,3028.9629101753235,-149.72380362451077,-411.55707091093063,-258.2598477602005,-250.39628148078918,-254.13451716303825,-606.3719466328621,-616.1893531680107,-610.1671606302261,531.9947749376297,-1138.8858407735825,-147.79001474380493,-608.583614230156,1480.7191491127014,-1835.6700241565704,2061.907947063446,-2042.0737564563751,1215.3220921754837,-1641.920953989029,1108.1994324922562,-1599.055528640747,1012.4632716178894,-994.7913140058517,885.2481842041016,-1886.1690163612366,1132.1409791707993,-249.32615458965302,1109.280288219452,-43.464405462145805,966.5040671825409,146.94742858409882,1012.4632716178894
8.0,1958.225667476654,1816.4001405239105,1820.0427293777466,1817.2115087509155,1795.2826619148254,1799.507588148117,1795.5020070075989,723.5020399093628,595.1380357146263,1518.4171497821808,1473.2779562473297,558.4950745105743,-507.43468105793,1272.1993029117584,-126.50026008486748,3202.1766901016235,2459.268867969513,3357.626497745514,2754.007875919342,444.62837278842926,-451.87756419181824,3659.6104502677917,3498.024344444275,4267.338812351227,4352.822303771973,4327.76004076004,4381.313920021057,5159.400701522827,5515.9991979599,344.62837278842926,-4937.475025653839,-5385.5884075164795,-5390.964150428772,-5394.068360328674,-5315.002202987671,-5321.288108825684,-5334.988832473755,-5762.264132499695,-5502.484440803528,-4889.8449540138245,-4797.593653202057,-4221.941530704498,-3935.268223285675,-2161.6780757904053,-1489.7499978542328,-1736.4659905433655,-1010.5972737073898,-1786.3017320632935,-1154.8567563295364,-155.4175466299057,148.44312332570553,-1224.05044734478,-993.9095377922058,1757.623553276062,1872.677206993103,2142.0271694660187,2247.653156518936,2850.6988286972046,3024.546802043915,-155.4175466299057,-470.29800713062286,-317.38344579935074,-309.48545783758163,-313.422754406929,-666.2279367446899,-676.4413416385651,-669.6601957082748,487.8971725702286,-1170.7471311092377,-200.5104161798954,-662.9930436611176,1464.2637968063354,-1868.4771656990051,2052.5550842285156,-2068.130522966385,1227.8132885694504,-1689.0615224838257,1123.453825712204,-1648.6756503582,1012.4251246452332,-994.8071092367172,908.0301225185394,-1944.533884525299,1184.9786341190338,-245.48113346099854,1170.6777662038803,-32.07006258890033,1046.5673357248306,213.3299596607685,1012.4251246452332
9.0,1919.8612868785858,1791.7312681674957,1795.0382828712463,1792.6129698753357,1749.628335237503,1753.7207901477814,1749.8694360256195,739.5005971193314,556.1315640807152,1501.6411244869232,1434.566080570221,600.8933484554291,-531.6567048430443,1377.8601586818695,-81.58656768500805,3272.4082469940186,2507.3468685150146,3420.3577041625977,2807.907462120056,457.5490579009056,-464.43045139312744,3695.0454115867615,3538.9885306358337,4358.36136341095,4467.674493789673,4428.784549236298,4498.777091503143,5285.913944244385,5629.315376281738,357.5490579009056,-4932.801723480225,-5377.510190010071,-5382.824540138245,-5385.926365852356,-5311.732292175293,-5318.111181259155,-5331.704020500183,-5733.016729354858,-5499.392151832581,-4878.752529621124,-4793.325960636139,-4208.030104637146,-3927.9261231422424,-2141.9216692447662,-1502.9799938201904,-1634.9738836288452,-997.2512722015381,-1678.8426041603088,-1135.3851854801178,-164.79719430208206,157.11169689893723,-1137.7546191215515,-734.4971597194672,1724.4569957256317,1748.364120721817,2087.3019099235535,2082.8737318515778,2697.6510882377625,2825.5218267440796,-164.79719430208206,-610.3653460741043,-454.0007933974266,-446.3164135813713,-450.4355415701866,-789.615735411644,-800.3237098455429,-793.5523241758347,400.5519673228264,-1219.9746072292328,-320.01402229070663,-766.9093459844589,1398.3327150344849,-1895.507276058197,1948.8637149333954,-2091.2955701351166,1114.3118888139725,-1769.6356773376465,1006.5483301877975,-1735.9225451946259,1008.4877163171768,-991.1413490772247,952.0617872476578,-2056.760787963867,1170.2590435743332,-197.70381972193718,1151.5988409519196,37.98115998506546,1029.1749238967896,344.0384194254875,1008.4877163171768
10.0,1940.6169652938843,1805.015355348587,1808.3396553993225,1805.8206140995026,1776.3495445251465,1780.305653810501,1776.5748500823975,742.7308708429337,573.2303857803345,1507.9613029956818,1449.3541419506073,552.2696301341057,-500.54196268320084,1311.1594319343567,14.480770332738757,3218.466341495514,2570.7021355628967,3373.0393648147583,2856.6768765449524,441.04069471359253,-447.4757984280586,3678.7211894989014,3570.5778002738953,4219.397306442261,4390.081167221069,4262.852966785431,4397.592544555664,5128.147602081299,5593.162178993225,341.04069471359253,-4957.550764083862,-5406.693816184998,-5411.784052848816,-5415.058732032776,-5336.405634880066,-5342.843532562256,-5356.457829475403,-5781.779885292053,-5518.952012062073,-4907.079339027405,-4815.510809421539,-4250.123202800751,-3951.3424038887024,-2185.5536103248596,-1525.048017501831,-1636.8478536605835,-988.3100539445877,-1682.3364794254303,-1125.5933344364166,-164.12809491157532,156.12260438501835,-1272.706687450409,-956.7944705486298,1715.797483921051,1804.8849701881409,2096.5389907360077,2176.2715280056,2794.0362691879272,2964.855432510376,-164.12809491157532,-513.9118805527687,-362.87061870098114,-354.65508699417114,-358.2284599542618,-717.5815850496292,-727.7511805295944,-720.4171270132065,449.596643447876,-1206.8337202072144,-238.55088278651237,-708.5247337818146,1466.9984579086304,-1900.0495970249176,2059.263288974762,-2094.661146402359,1303.3351302146912,-1705.2803933620453,1197.5418031215668,-1654.4802486896515,1022.6419568061829,-1005.4871439933777,1073.5192149877548,-1912.831962108612,1388.324350118637,-77.99407932907343,1378.3128559589386,155.34079633653164,1341.4131104946136,516.8171599507332,1022.6419568061829
10.0,1977.0611822605133,1833.2214653491974,1836.5472555160522,1834.0551853179932,1806.8931996822357,1810.7704818248749,1807.3423206806183,747.7597147226334,585.842914879322,1532.912403345108,1479.3401956558228,564.287044107914,-493.8248172402382,1366.2981986999512,88.48552592098713,3290.1498675346375,2595.718204975128,3446.3366866111755,2878.851592540741,439.25218284130096,-445.6258565187454,3661.6677045822144,3673.6148595809937,4193.745851516724,4313.135147094727,4244.9310421943665,4302.025735378265,5111.827254295349,5425.608158111572,339.25218284130096,-4959.83213186264,-5408.8205099105835,-5414.03591632843,-5417.275428771973,-5338.335633277893,-5344.809293746948,-5358.476042747498,-5778.711438179016,-5517.3128843307495,-4906.9830775260925,-4815.794825553894,-4254.090189933777,-3926.4842867851257,-2182.851880788803,-1516.4649486541748,-1651.538908481598,-991.0222142934799,-1699.6148228645325,-1129.9239099025726,-170.31418159604073,161.44637018442154,-1299.3955612182617,-975.0074148178101,1625.4045069217682,1652.0152986049652,2002.8357207775116,2005.2675902843475,2673.1428503990173,2790.0701761245728,-170.31418159604073,-597.7679044008255,-442.18607246875763,-433.950237929821,-437.9338398575783,-800.4742860794067,-811.1292868852615,-803.341418504715,385.9398886561394,-1323.1085240840912,-318.9333900809288,-794.5933938026428,1410.5601608753204,-2022.4913954734802,1994.163990020752,-2202.3187577724457,1190.8886581659317,-1845.8646535873413,1073.729246854782,-1810.411959886551,1026.8447548151016,-1009.7291320562363,1089.213714003563,-1930.411159992218,1361.580491065979,-27.604135684669018,1348.331868648529,211.3119512796402,1305.3905963897705,605.0635501742363,1026.8447548151016
11.0,2011.5433633327484,1867.0523166656494,1870.3950941562653,1867.8553402423859,1840.0861322879791,1843.9915776252747,1840.8174812793732,774.5596766471863,607.743039727211,1567.0666098594666,1510.472148656845,621.3736534118652,-486.2558841705322,1443.435251712799,109.50982570648193,3396.1552381515503,2609.7846031188965,3551.037311553955,2894.445061683655,446.5889558196068,-452.9866576194763,3626.52987241745,3695.985972881317,4079.141616821289,4129.855632781982,4134.693443775177,4112.934172153473,5008.301138877869,5239.529609680176,346.5889558196068,-4971.980154514313,-5419.647097587585,-5425.335168838501,-5428.529977798462,-5350.7596254348755,-5357.188582420349,-5371.04070186615,-5774.233937263489,-5516.165494918823,-4908.497929573059,-4819.160997867584,-4279.521107673645,-3906.8493247032166,-2200.949937105179,-1513.9815211296082,-1739.601045846939,-986.7538511753082,-1792.708933353424,-1134.5739662647247,-197.52806052565575,187.2410997748375,-1326.853334903717,-771.1825519800186,1556.607335805893,1638.7143731117249,1931.2138855457306,1969.9889421463013,2568.44699382782,2747.6537227630615,-197.52806052565575,-919.8011457920074,-764.4380629062653,-756.3921064138412,-760.7422769069672,-1116.274818778038,-1127.6204884052277,-1119.711920619011,96.41953743994236,-1599.2425382137299,-625.3168731927872,-1092.2133922576904,1161.6790294647217,-2234.6292436122894,1708.2712054252625,-2428.5753071308136,795.7647740840912,-2176.474779844284,669.683963060379,-2151.7372131347656,1028.6516696214676,-1011.5394741296768,1106.209009885788,-1974.3439555168152,1381.01726770401,172.9213446378708,1370.5140352249146,432.5425252318382,1388.0452513694763,862.1677756309509,1028.6516696214676
12.0,2003.3890008926392,1848.6161530017853,1852.0617485046387,1849.52050447464,1810.5538189411163,1814.424991607666,1811.477541923523,775.2846926450729,566.4887651801109,1574.5466947555542,1507.6544880867004,666.314959526062,-525.8267372846603,1448.5865831375122,38.17239077761769,3373.1016516685486,2579.17582988739,3519.3443298339844,2877.5212168693542,469.5655405521393,-476.1120304465294,3563.145697116852,3600.7410287857056,3976.573348045349,3972.6251363754272,4038.3392572402954,3962.7230167388916,4907.645285129547,5074.0861892700195,369.5655405521393,-4997.837245464325,-5443.1915283203125,-5449.219346046448,-5452.4606466293335,-5375.28395652771,-5381.7737102508545,-5395.629405975342,-5767.818093299866,-5515.052676200867,-4918.427765369415,-4830.084443092346,-4280.691742897034,-3869.221806526184,-2164.958268404007,-1490.5574917793274,-1677.2140562534332,-941.5378421545029,-1722.8585481643677,-1095.2741652727127,-221.4677631855011,210.35468205809593,-1327.2452354431152,-665.8651679754257,1563.2392466068268,1671.309918165207,1936.194747686386,1990.6005263328552,2520.1815366744995,2710.3236317634583,-221.4677631855011,-1029.5196622610092,-872.2327649593353,-864.199623465538,-868.6622232198715,-1220.5591797828674,-1232.0813536643982,-1224.4891375303268,-1.5974054986145347,-1682.2020709514618,-731.3539087772369,-1193.9407140016556,1038.234382867813,-2292.0216619968414,1514.3290162086487,-2505.2201747894287,517.500750720501,-2301.234155893326,387.9579156637192,-2279.8998653888702,1023.6348956823349,-1006.5291076898575,1102.059930562973,-2001.4804601669312,1376.5516877174377,180.2133023738861,1366.5291666984558,437.04017996788025,1382.5418055057526,823.1682330369949,1023.6348956823349
12.0,1861.5400791168213,1706.2875628471375,1710.1113498210907,1707.2919011116028,1613.2792830467224,1616.9939935207367,1613.8222813606262,768.7491923570633,406.76988661289215,1524.973064661026,1402.7683436870575,709.5258682966232,-520.5489322543144,1454.4600248336792,17.291548429057002,3394.4204449653625,2602.2660732269287,3546.2483763694763,2909.2371463775635,475.46934336423874,-481.9134250283241,3478.27285528183,3564.4519329071045,3991.565704345703,4004.769027233124,4072.0489621162415,4000.396430492401,4966.071248054504,5115.231275558472,375.46934336423874,-5125.6173849105835,-5546.862483024597,-5553.244352340698,-5556.911826133728,-5487.6357316970825,-5493.974089622498,-5508.211255073547,-5769.373178482056,-5528.532266616821,-4989.808797836304,-4913.352727890015,-4271.257221698761,-3853.302299976349,-2147.2544968128204,-1495.1510727405548,-1665.5689477920532,-939.8391097784042,-1710.7832431793213,-1093.6183482408524,-228.04787382483482,216.508861631155,-1249.2325901985168,-644.2791968584061,1595.080941915512,1789.0240252017975,1963.6335968971252,2123.117744922638,2480.258494615555,2847.7278351783752,-228.04787382483482,-1383.480429649353,-1224.6013432741165,-1216.7612463235855,-1220.896691083908,-1534.1807901859283,-1545.952558517456,-1537.7412736415863,-269.1483870148659,-1795.2272295951843,-1048.5360026359558,-1462.6094698905945,921.6386079788208,-2350.452095270157,1506.781131029129,-2535.7207655906677,568.5001984238625,-2358.3538830280304,441.666916012764,-2338.251620531082,1019.9154913425446,-1002.8257966041565,1150.4365503787994,-1996.4168965816498,1518.665850162506,176.408588886261,1522.7048099040985,426.6837611794472,1532.03547000885,805.0378412008286,1019.9154913425446
13.0,1651.8203914165497,1495.225876569748,1499.1365373134613,1496.4190125465393,1386.0654830932617,1389.7734880447388,1386.5002989768982,704.4947892427444,176.34917050600052,1350.7744669914246,1198.8198012113571,697.6299732923508,-628.4748762845993,1418.224424123764,-156.85223042964935,3365.8790588378906,2511.152923107147,3515.6503319740295,2827.445864677429,482.3972284793854,-488.55744302272797,3444.879949092865,3535.493016242981,3940.688967704773,3918.08420419693,4015.4486894607544,3909.1938734054565,4930.976033210754,5035.228133201599,382.3972284793854,-5207.191705703735,-5621.022582054138,-5627.416372299194,-5631.107687950134,-5570.67334651947,-5576.965808868408,-5591.247081756592,-5784.3732833862305,-5581.4045667648315,-5057.494044303894,-4992.391765117645,-4275.866746902466,-3863.1686568260193,-2154.9057960510254,-1512.739211320877,-1680.7207465171814,-930.7971596717834,-1724.032610654831,-1086.6104066371918,-234.06581953167915,222.2449891269207,-1242.2850728034973,-574.7732892632484,1650.8658230304718,1868.0262565612793,2030.3981006145477,2205.798774957657,2561.1674785614014,2916.145622730255,-234.06581953167915,-1432.911902666092,-1270.5455720424652,-1262.7682089805603,-1266.8412923812866,-1567.0028328895569,-1578.889936208725,-1570.8822011947632,-292.32073575258255,-1791.6147410869598,-1088.070124387741,-1487.1728420257568,904.8347175121307,-2340.5496776103973,1505.555808544159,-2529.798746109009,585.3273719549179,-2363.7686669826508,459.39918607473373,-2342.168092727661,1018.5869783163071,-1001.5049576759338,1200.392171740532,-1969.4411754608154,1582.3179483413696,178.74620854854584,1588.0735218524933,426.72663927078247,1594.3332016468048,762.8588378429413,1018.5869783163071
13.0,1824.6811628341675,1795.1594293117523,1797.6951599121094,1795.5900728702545,1756.6552758216858,1760.2932453155518,1757.4693262577057,817.4438774585724,599.3150174617767,1408.8338613510132,1310.4598224163055,480.8606579899788,-622.8698045015335,1193.259209394455,-11.440039379522204,3127.1618604660034,2533.6462259292603,3297.4138855934143,2841.045558452606,459.27196741104126,-465.47502279281616,3537.00190782547,3530.1849246025085,4062.1429681777954,4168.778359889984,4093.7960147857666,4190.079867839813,4965.839684009552,5331.250429153442,359.27196741104126,-4475.131332874298,-4920.356571674347,-4926.474094390869,-4929.099082946777,-4875.294864177704,-4881.5131187438965,-4895.205199718475,-5505.402684211731,-5344.4695472717285,-4524.642527103424,-4466.100037097931,-4260.911345481873,-3856.787383556366,-2153.944969177246,-1517.648994922638,-1701.9559442996979,-1058.058738708496,-1755.0641298294067,-1225.4119664430618,-234.90747436881065,223.55161607265472,-1317.7523016929626,-785.7638597488403,1657.8665375709534,1753.5926401615143,2042.3342287540436,2093.9284563064575,2705.08348941803,2867.5785660743713,-234.90747436881065,-837.8342539072037,-686.7081671953201,-678.9768487215042,-682.0505857467651,-1036.5261137485504,-1046.9209402799606,-1038.5245829820633,137.8952246159315,-1549.9228239059448,-560.0535124540329,-1033.1634432077408,1100.037768483162,-2200.114279985428,1750.747412443161,-2392.42821931839,1086.2687975168228,-2043.0129766464233,978.9008647203445,-2010.8991861343384,1020.8474099636078,-1004.047691822052,1119.6832358837128,-1936.7481768131256,1286.7152690887451,85.18829010426998,1267.145574092865,322.38662242889404,1247.4953383207321,705.1748782396317,1020.8474099636078
14.5,1932.1894645690918,2013.760507106781,2015.826404094696,2015.0290429592133,1970.5815613269806,1970.6721603870392,1968.48064661026,1102.670207619667,814.5007491111755,1443.1308209896088,1355.1327586174011,394.9958458542824,-652.3536145687103,1430.2770793437958,694.4833695888519,2416.435182094574,2084.8986506462097,2449.5768547058105,2125.7922053337097,437.3733699321747,-440.7249763607979,3664.896786212921,2874.037027359009,3354.5520901679993,3094.6707725524902,3307.683765888214,3061.5028738975525,3779.5251607894897,3846.3428616523743,337.3733699321747,-4196.827709674835,-4544.980823993683,-4550.222456455231,-4552.192389965057,-4532.294869422913,-4539.3106341362,-4552.742838859558,-5164.235234260559,-5126.783847808838,-4311.325252056122,-4288.53839635849,-4246.116280555725,-3920.212984085083,-2413.974106311798,-2003.3282041549683,-3199.8085975646973,-2571.862041950226,-3349.0440249443054,-2758.611738681793,-255.68053126335144,242.2763966023922,-323.6256539821625,1048.8208383321762,1821.4090168476105,2454.826384782791,2036.6978645324707,2647.3063230514526,2794.007658958435,3496.9547390937805,-255.68053126335144,-699.1760432720184,-562.1651187539101,-554.8299476504326,-558.5545301437378,-919.4463491439819,-929.7873824834824,-921.662375330925,257.3036774992943,-1445.1834559440613,-403.9814695715904,-883.6410194635391,971.1774438619614,-1795.4619228839874,1246.2107092142105,-1677.7603328227997,130.08962385356426,-941.8080002069473,99.95585307478905,-875.1638978719711,964.975580573082,-951.4603018760681,1074.444055557251,-2035.7206463813782,1594.3658351898193,241.0544827580452,1637.7303004264832,533.0856144428253,1680.4985702037811,687.4550133943558,964.975580573082
15.5,1885.9170377254486,1998.0600476264954,2000.6759464740753,1999.4139671325684,1946.599781513214,1947.7437436580658,1944.548487663269,1123.3898997306824,793.4059947729111,1420.1635122299194,1319.0791010856628,428.3008351922035,-637.0148807764053,1490.7696843147278,671.413242816925,2668.0970191955566,2431.1739206314087,2778.6195278167725,2548.431158065796,433.08399617671967,-437.0136931538582,3648.579716682434,2963.339686393738,3366.922438144684,3277.6829600334167,3342.9867029190063,3277.425765991211,3863.595426082611,4202.446639537811,333.08399617671967,-4114.973843097687,-4477.030038833618,-4482.225477695465,-4484.59267616272,-4463.920295238495,-4469.640851020813,-4482.726752758026,-5089.508891105652,-5056.973695755005,-4222.140312194824,-4201.594889163971,-4246.372878551483,-3895.561695098877,-2481.2613427639008,-1858.1484258174896,-2559.2023134231567,-1817.7740275859833,-2645.9741592407227,-1973.9440083503723,-265.6388655304909,252.7339570224285,-584.9536880850792,604.4177711009979,1623.6531734466553,2118.2455122470856,1900.651454925537,2322.143167257309,2598.702311515808,3085.0470066070557,-265.6388655304909,-734.1505587100983,-608.8247150182724,-601.2757867574692,-604.424886405468,-946.1208432912827,-957.7059000730515,-949.6171027421951,193.99262964725494,-1442.8488910198212,-431.81534856557846,-893.9437568187714,971.7703610658646,-1860.4184687137604,1313.0275905132294,-1730.942726135254,240.7945692539215,-1008.2650929689407,189.71895799040794,-958.0571204423904,960.5369716882706,-946.948379278183,1071.1774230003357,-2054.4055104255676,1491.7421340942383,174.58423972129822,1519.1039443016052,455.25316148996353,1618.4526681900024,811.5105330944061,960.5369716882706
15.5,1945.9617137908936,2045.791894197464,2048.2537150382996,2047.4530756473541,1984.0288162231445,1985.1624965667725,1982.6751947402954,1191.8844282627106,845.3227579593658,1491.5917813777924,1382.7970623970032,549.9810352921486,-630.6654214859009,1768.7591910362244,778.7741720676422,3359.1797947883606,2180.052399635315,3411.332368850708,2136.923521757126,449.4139179587364,-452.2629454731941,3906.7596197128296,3031.269311904907,4500.898718833923,4563.361406326294,4549.525082111359,4668.664038181305,5247.003436088562,5605.491995811462,349.4139179587364,-4083.353579044342,-4451.429545879364,-4458.547830581665,-4459.156095981598,-4431.16307258606,-4437.728524208069,-4452.301561832428,-5051.542520523071,-4985.692501068115,-4171.961545944214,-4139.83166217804,-4186.052083969116,-3786.800801753998,-2378.15260887146,-2150.315046310425,-1758.7493360042572,-2784.4631671905518,-1781.4448475837708,-2932.9216480255127,-284.8326973617077,270.5182135105133,-920.0063347816467,338.0488231778145,1338.760256767273,1508.8635683059692,1588.670164346695,1664.046198129654,2158.154845237732,2364.5180463790894,-284.8326973617077,-552.6360496878624,-414.2318665981293,-406.82632476091385,-410.31714528799057,-763.7593895196915,-772.6060599088669,-764.157623052597,411.03411465883255,-1299.6083498001099,-255.99205866456032,-736.5956157445908,982.9510748386383,-1673.857867717743,1531.6984057426453,-1596.7488288879395,665.3909385204315,-789.0748232603073,593.3965742588043,-731.6682487726212,953.0448913574219,-939.972996711731,810.9349012374878,-2164.0561521053314,771.7311382293701,-139.0187069773674,737.5986874103546,122.1928559243679,515.6915262341499,187.91038542985916,953.0448913574219
16.5,2086.4474773406982,2059.340626001358,2061.8659257888794,2061.2698793411255,2014.9308443069458,2016.1812007427216,2014.9028301239014,1153.1351506710052,827.3805677890778,1617.0832514762878,1545.4353392124176,559.0207129716873,-487.15852200984955,1459.5681428909302,647.4835425615311,3235.0778579711914,2672.501504421234,3357.8717708587646,2948.8930106163025,446.24004513025284,-448.6415535211563,3539.5509004592896,3395.472764968872,3903.912305831909,4322.034120559692,3950.9689807891846,4375.138580799103,4772.587716579437,5406.755208969116,346.24004513025284,-4360.68594455719,-4788.462221622467,-4795.370101928711,-4798.067808151245,-4739.108383655548,-4745.681285858154,-4759.818017482758,-5269.222259521484,-5096.986889839172,-4364.750981330872,-4299.2812395095825,-4228.72930765152,-3701.345920562744,-2010.297030210495,-1717.5877094268799,-1297.8637218475342,-1267.2719359397888,-1315.9272074699402,-1442.985087633133,-324.9010071158409,310.3891387581825,-1256.590485572815,-446.79608196020126,1289.4445657730103,1167.183369398117,1659.713238477707,1492.5216138362885,2301.3363778591156,2172.7971732616425,-324.9010071158409,-861.26409471035,-719.7842746973038,-710.5526328086853,-715.0590419769287,-1080.1468044519424,-1089.3339663743973,-1080.5948823690414,116.0857267677784,-1651.1714458465576,-565.8066645264626,-1058.5501044988632,725.3269851207733,-2243.7965869903564,1305.3366541862488,-2383.8971555233,628.4664571285248,-2091.0102128982544,508.60971212387085,-2066.7800307273865,960.153341293335,-946.1051970720291,1056.254729628563,-1795.4355478286743,1147.642508149147,246.7314898967743,1139.7766321897507,504.4826492667198,1191.2485212087631,972.1944481134415,960.153341293335
16.5,2253.3729672431946,2148.8822996616364,2151.496559381485,2149.4776010513306,2108.081430196762,2111.3984286785126,2109.531909227371,1125.1772940158844,881.9509297609329,1789.7926270961761,1723.0097949504852,659.8655134439468,-322.26238399744034,1446.9555020332336,477.9902845621109,3242.5954937934875,2753.729224205017,3370.1685070991516,3045.365810394287,439.99549001455307,-443.6764866113663,3585.6837034225464,3862.619996070862,4568.531513214111,4650.098979473114,4672.892391681671,4669.6606278419495,5593.804121017456,5715.089440345764,339.99549001455307,-4568.194150924683,-5032.054781913757,-5038.1118059158325,-5041.271448135376,-4975.438416004181,-4981.28354549408,-4994.782209396362,-5469.71321105957,-5256.526470184326,-4534.008502960205,-4455.952942371368,-4249.2711544036865,-3681.5306544303894,-2048.802226781845,-1420.7828044891357,-1379.334181547165,-701.2829184532166,-1394.1051065921783,-836.566835641861,-320.9027275443077,307.24890530109406,-1261.4822387695312,-749.2281496524811,1586.2670540809631,1636.2789273262024,1923.164427280426,2050.5714416503906,2540.7597422599792,2804.8479557037354,-320.9027275443077,-1218.7924981117249,-1062.8823190927505,-1053.9276152849197,-1059.1348260641098,-1421.8983054161072,-1432.7721297740936,-1424.1969585418701,-168.9145527780056,-1926.5173375606537,-914.0025079250336,-1399.0667462348938,766.0561054944992,-2561.6100430488586,1323.0925798416138,-2753.1790733337402,720.6212729215622,-2381.065934896469,599.8862907290459,-2355.974167585373,1001.4917701482773,-985.1749241352081,1141.8822407722473,-1803.9026856422424,1331.07990026474,137.09066435694695,1319.5832073688507,374.04485046863556,1394.1700756549835,860.7477694749832,1001.4917701482773
18.0,2271.350771188736,2138.739228248596,2141.387313604355,2139.37446475029,2100.178301334381,2103.5802364349365,2101.723998785019,1085.5359584093094,874.4414150714874,1814.8145079612732,1753.3117532730103,654.2725116014481,-270.47060430049896,1399.960070848465,466.7866975069046,3231.375217437744,2841.528058052063,3360.562026500702,3131.3133239746094,428.5190999507904,-432.7867180109024,3497.1830248832703,3869.2477345466614,4037.473499774933,4298.2906103134155,4109.013378620148,4254.272282123566,5104.319453239441,5272.223949432373,328.5190999507904,-4758.815169334412,-5219.172835350037,-5225.189924240112,-5228.5802364349365,-5156.892538070679,-5163.28752040863,-5176.783204078674,-5565.016269683838,-5334.361791610718,-4686.004519462585,-4602.609574794769,-4271.3746428489685,-3672.141432762146,-2066.698372364044,-1394.6832716464996,-1364.5374774932861,-742.1839237213135,-1371.167153120041,-893.2198584079742,-325.3377228975296,312.4512918293476,-1444.49844956398,-663.7749075889587,1487.6538515090942,1459.842026233673,1870.3243136405945,1793.3207750320435,2485.6609106063843,2400.6809294223785,-325.3377228975296,-1263.7019157409668,-1112.411469221115,-1103.7662625312805,-1108.7911576032639,-1474.2141962051392,-1484.8002791404724,-1476.5673875808716,-241.1234751343727,-2012.7393305301666,-960.2344781160355,-1449.623852968216,750.3245770931244,-2626.858949661255,1265.2544677257538,-2741.2882447242737,560.9721317887306,-2313.2479190826416,428.97339910268784,-2290.308326482773,1020.4511135816574,-1003.388836979866,1420.9100604057312,-1663.508415222168,1697.3169147968292,674.1398572921753,1705.1555216312408,949.5041519403458,1922.469139099121,1497.3944425582886,1020.4511135816574
19.0,2279.324233531952,2146.7216312885284,2149.529904127121,2147.3096311092377,2109.4784140586853,2112.879306077957,2110.9966933727264,1072.8748887777328,876.1861175298691,1825.3453075885773,1762.1071636676788,669.8356568813324,-259.6048265695572,1387.0508968830109,404.7703742980957,3222.5212454795837,2817.757725715637,3361.2924814224243,3083.120286464691,422.00401425361633,-426.6304150223732,3465.889096260071,3819.6495175361633,3893.382251262665,4197.055697441101,3949.3680000305176,4160.357117652893,4884.309470653534,5212.952494621277,322.00401425361633,-4802.39063501358,-5255.661606788635,-5261.911153793335,-5265.100598335266,-5202.573537826538,-5208.993554115295,-5222.727656364441,-5618.363618850708,-5424.278378486633,-4742.628633975983,-4671.40793800354,-4285.832345485687,-3710.0067734718323,-2077.222764492035,-1421.6960966587067,-1379.4131577014923,-764.7894322872162,-1392.8048312664032,-902.8525650501251,-321.0197389125824,308.3162195980549,-1461.0008895397186,-749.8285174369812,1375.7772743701935,1312.224119901657,1762.8490924835205,1611.715853214264,2373.1788992881775,2202.368378639221,-321.0197389125824,-1222.9567021131516,-1073.8344490528107,-1065.276861190796,-1070.1163858175278,-1433.8003098964691,-1444.3132281303406,-1436.0444247722626,-211.55713126063347,-1972.672939300537,-921.1328625679016,-1407.7307283878326,816.182866692543,-2563.8318061828613,1330.42111992836,-2673.480212688446,609.4821915030479,-2263.48415017128,480.6561768054962,-2238.0225360393524,1033.1225395202637,-1015.7813876867294,1426.4106750488281,-1744.8848485946655,1691.584289073944,565.5351281166077,1696.6141760349274,834.2114090919495,1864.766925573349,1335.7187807559967,1033.1225395202637
19.0,2291.9222712516785,2160.92512011528,2163.7997031211853,2161.3894402980804,2120.797336101532,2124.09645318985,2122.3539113998413,1088.9174044132233,872.1799403429031,1842.6744639873505,1771.6418206691742,728.5544276237488,-281.0036763548851,1421.9966530799866,299.2688864469528,3216.380476951599,2784.1967344284058,3351.7032861709595,3050.476610660553,437.0255023241043,-442.23275035619736,3514.293134212494,3821.893036365509,3873.7183809280396,4110.381603240967,3920.4958081245422,4070.3895688056946,4861.654341220856,5122.855305671692,337.0255023241043,-4771.949350833893,-5222.769379615784,-5229.029059410095,-5232.114791870117,-5171.239376068115,-5177.596807479858,-5191.358923912048,-5602.6118993759155,-5418.988466262817,-4722.311496734619,-4654.468595981598,-4285.537004470825,-3693.839907646179,-2076.3832330703735,-1375.4785060882568,-1308.494210243225,-668.2323664426804,-1311.8845224380493,-809.413343667984,-324.6401250362396,312.10556626319885,-1429.3569326400757,-576.5115469694138,1468.980759382248,1473.2256531715393,1847.2853302955627,1769.3744599819183,2506.9302320480347,2397.196739912033,-324.6401250362396,-1390.1129364967346,-1236.501857638359,-1227.8874963521957,-1233.1047654151917,-1595.357060432434,-1606.457233428955,-1598.3939170837402,-334.6976265311241,-2088.6266231536865,-1075.6172984838486,-1559.7017109394073,683.9469075202942,-2662.900984287262,1129.072681069374,-2839.2964601516724,293.6426177620888,-2565.01168012619,167.16767102479935,-2546.3122129440308,1033.2178324460983,-1015.85254073143,1348.0758666992188,-1805.3922057151794,1575.4660964012146,474.8086631298065,1578.7124633789062,740.8425211906433,1758.965253829956,1201.8074095249176,1033.2178324460983
20.0,2286.5431010723114,2154.8447012901306,2157.7954292297363,2155.226618051529,2107.15115070343,2110.387831926346,2108.7583899497986,1090.691164135933,850.8521318435669,1841.5680527687073,1767.5022780895233,779.3409377336502,-312.6880154013634,1476.73100233078,236.5722507238388,3204.0828466415405,2717.668116092682,3331.868052482605,3017.9229378700256,453.8818821310997,-459.52320098876953,3533.1225395202637,3853.316307067871,3852.1981239318848,3977.5848388671875,3895.8358764648438,3922.5003123283386,4816.494286060333,4945.058524608612,353.8818821310997,-4783.229231834412,-5232.895016670227,-5239.235758781433,-5242.311954498291,-5183.472633361816,-5189.8592710494995,-5203.647017478943,-5596.398711204529,-5418.260097503662,-4724.065661430359,-4658.100306987762,-4283.304512500763,-3695.636987686157,-2066.594362258911,-1381.2990486621857,-1213.4018540382385,-655.435174703598,-1210.8231335878372,-791.8594032526016,-325.48997551202774,313.16909939050674,-1377.6548206806183,-476.4324426651001,1536.5031361579895,1641.6683793067932,1909.530609846115,1943.1155920028687,2572.256624698639,2582.811415195465,-325.48997551202774,-1384.9548995494843,-1226.5560030937195,-1217.8347259759903,-1223.3198434114456,-1580.5169939994812,-1591.908037662506,-1583.9335322380066,-316.3529559969902,-2055.0137758255005,-1069.6469992399216,-1546.3879704475403,691.7121261358261,-2632.879614830017,1099.5161533355713,-2821.7533230781555,240.03561586141586,-2589.002549648285,115.1956245303154,-2572.360634803772,1030.6699573993683,-1013.2830590009689,1275.835633277893,-1866.6429817676544,1503.7095546722412,432.9894483089447,1506.713628768921,701.0757178068161,1665.6827926635742,1160.6363207101822,1030.6699573993683
21.0,2354.94002699852,2209.334224462509,2211.8358314037323,2209.8039090633392,2164.817154407501,2168.460190296173,2166.3324534893036,1106.7478358745575,886.5859359502792,1900.3880023956299,1833.8635563850403,868.8749372959137,-282.66405686736107,2014.9362087249756,751.2768357992172,4104.184210300446,3458.7085247039795,4268.890023231506,3715.832531452179,453.2337933778763,-458.6866870522499,3508.60059261322,3748.590052127838,4177.3974895477295,4282.13357925415,4274.798035621643,4286.3258719444275,5157.071352005005,5294.3021059036255,353.2337933778763,-4809.23056602478,-5243.073105812073,-5249.858498573303,-5252.858400344849,-5191.671252250671,-5198.034644126892,-5212.03339099884,-5576.282739639282,-5379.376411437988,-4738.179445266724,-4670.247733592987,-4296.485483646393,-3693.397343158722,-2499.4131922721863,-1766.132265329361,-2377.9763281345367,-2016.492635011673,-2439.1260743141174,-2267.3891484737396,-326.09522342681885,314.18588012456894,-1304.3242692947388,-622.5365772843361,1592.4036502838135,1913.370043039322,1950.9834051132202,2238.095849752426,2574.8559832572937,3117.486834526062,-326.09522342681885,-1317.8148865699768,-1165.4463410377502,-1156.7630618810654,-1162.1547490358353,-1523.3160555362701,-1533.636897802353,-1525.5500376224518,-259.2246048152447,-1999.6066391468048,-1007.6556354761124,-1485.9573543071747,800.8977025747299,-2560.679018497467,1340.039223432541,-2780.970335006714,433.27733874320984,-2618.103325366974,298.3747236430645,-2610.7758283615112,1009.8275542259216,-992.7896410226822,1049.5132952928543,-1780.741959810257,1277.2278487682343,256.7644231021404,1272.522509098053,497.60282039642334,1179.1431903839111,826.3327181339264,1009.8275542259216
21.0,2350.0417172908783,2195.7024931907654,2198.483645915985,2196.5017914772034,2143.312394618988,2147.6618945598602,2144.933044910431,1186.9332939386368,953.5875916481018,1962.5574350357056,1888.8111412525177,815.9161359071732,634.2946738004684,1414.6830141544342,2518.9313292503357,3260.2599263191223,5165.717601776123,3444.221615791321,5413.228869438171,296.2670847773552,-301.1435456573963,2606.5683364868164,3110.6117367744446,3062.426447868347,2912.023663520813,3170.059621334076,2889.3721103668213,4027.506709098816,4046.8308329582214,196.26708477735517,-4790.543615818024,-5213.322639465332,-5219.506621360779,-5221.487879753113,-5161.176919937134,-5168.375372886658,-5181.501507759094,-5432.683825492859,-5251.531004905701,-4678.613245487213,-4617.300033569336,-3960.014283657074,-3656.741678714752,-2297.738790512085,-2052.062600851059,-1579.1530907154083,-1152.1811783313751,-1576.1558711528778,-1290.036141872406,-158.80277380347252,145.56930400431156,-630.5713206529617,-444.35378164052963,2838.2349014282227,2586.722671985626,3117.4489855766296,2962.482273578644,2774.193286895752,3981.2639355659485,-158.80277380347252,-1234.67318713665,-1151.5261232852936,-1142.9954320192337,-1148.492470383644,-1477.464884519577,-1488.5970950126648,-1482.0532500743866,-324.08393919467926,-1855.2613258361816,-913.0054712295532,-1345.3613221645355,941.8535232543945,-2493.208795785904,1167.4262583255768,-2825.7283568382263,705.4930925369263,-2649.0384340286255,594.5814028382301,-2634.1059803962708,1006.1466693878174,-989.9921715259552,1584.7715735435486,-1020.8319127559662,2691.287398338318,537.230595946312,2758.486568927765,680.7299703359604,2787.0553731918335,387.59876042604446,1006.1466693878174
22.5,2523.769438266754,2328.5651206970215,2331.5036296844482,2329.852730035782,2306.0882091522217,2310.730814933777,2308.4893822669983,1244.2347407341003,1118.6888813972473,2114.3224835395813,2068.3515071868896,679.8261404037476,845.7382023334503,1545.649915933609,2907.199263572693,3674.2085218429565,5438.444018363953,3872.7211952209473,5628.079771995544,128.9526093751192,-132.9687051475048,2552.9977679252625,3018.4406042099,2802.262008190155,2079.7719061374664,2783.491015434265,2212.67506480217,3691.321611404419,3581.225275993347,28.952609375119206,-4750.338494777679,-5190.935730934143,-5196.629166603088,-5198.397636413574,-5110.125541687012,-5117.331147193909,-5130.842924118042,-5425.475835800171,-5148.364901542664,-4634.813666343689,-4543.894529342651,-3996.21844291687,-3501.78062915802,-2578.3318281173706,-2028.6062359809875,-1983.0065965652466,-1271.890103816986,-1981.7402958869934,-1442.5505697727203,-157.2219654917717,144.2043948918581,-1394.6402072906494,-433.7022081017494,1300.0674545764923,1894.2613899707794,1623.3128309249878,2161.2413227558136,1565.7331049442291,2423.388361930847,-157.2219654917717,-1105.383262038231,-1044.0495610237122,-1035.495102405548,-1040.852963924408,-1386.1659169197083,-1396.6140151023865,-1387.389600276947,-305.31972646713257,-1854.848861694336,-807.1959018707275,-1266.2562727928162,947.4615007638931,-2487.6590073108673,1341.5059447288513,-2751.4541149139404,1216.3597345352173,-2305.247038602829,1104.234978556633,-2234.041392803192,1008.2747787237167,-993.1504726409912,1984.5180213451385,-690.2838498353958,3301.9179105758667,1096.4371263980865,3406.4981341362,1277.7051329612732,3674.1045117378235,1439.2179250717163,1008.2747787237167
22.5,2568.0196285247803,2391.657382249832,2395.099401473999,2393.321990966797,2363.0335927009583,2367.5110936164856,2365.0889098644257,1352.8092205524445,1198.8827586174011,2166.6185557842255,2108.216732740402,647.8866934776306,884.3632787466049,1665.947437286377,2874.654233455658,3760.632872581482,5431.032776832581,3962.6863598823547,5636.15620136261,68.3277752250433,-69.67514753341675,2606.58860206604,3577.1608352661133,3010.307550430298,3255.4012537002563,3208.339214324951,3221.2239503860474,3975.0444889068604,4343.08648109436,-31.672224774956707,-4604.777097702026,-5048.912167549133,-5054.5549392700195,-5056.211352348328,-4970.586001873016,-4977.478981018066,-4991.140067577362,-5333.2144021987915,-5070.472359657288,-4514.172375202179,-4429.0220737457275,-3991.837501525879,-3464.75750207901,-2536.068558692932,-2019.6637511253357,-1968.587040901184,-1359.0432703495026,-1963.2478058338165,-1517.7810192108154,-165.2979850769043,149.39880929887295,-1601.8091142177582,-1078.4905403852463,575.9446322917938,1005.5869817733765,848.1084555387497,1251.448541879654,921.3143587112427,1600.8208692073822,-165.2979850769043,-1007.9100728034973,-934.8196536302567,-926.0770678520203,-931.3575923442841,-1277.2490084171295,-1287.8066301345825,-1277.676373720169,-193.80951300263405,-1793.9698696136475,-706.3242048025131,-1171.2848395109177,987.9451990127563,-2382.9278349876404,1438.7790858745575,-2617.4110174179077,1186.3288283348083,-2074.691951274872,1067.3022270202637,-2011.4250481128693,1005.1235556602478,-991.2478923797607,1925.2653419971466,-683.7722659111023,3090.604245662689,1338.8445973396301,3178.4719228744507,1551.276445388794,3410.489857196808,1854.58704829216,1005.1235556602478
23.5,2581.165134906769,2435.4131519794464,2439.0290677547455,2437.3620748519897,2406.3006043434143,2410.680651664734,2408.6688458919525,1423.095017671585,1257.4492394924164,2174.7365593910217,2114.9806678295135,667.2609597444534,835.1350575685501,1819.9919164180756,2631.2097907066345,4059.891402721405,5140.368342399597,4252.926409244537,5339.851975440979,-0.2764742930594366,-0.2009314630413428,2586.2088799476624,3706.669807434082,2445.492446422577,2641.8566703796387,2492.0782446861267,2492.632269859314,3259.3148946762085,3541.007936000824,-100.27647429305944,-4599.284529685974,-5041.424632072449,-5047.3737716674805,-5048.709511756897,-4965.61735868454,-4972.934722900391,-4986.844062805176,-5351.362228393555,-5090.6044244766235,-4522.686302661896,-4438.490867614746,-4002.3791790008545,-3520.8696126937866,-2669.8648929595947,-2069.803476333618,-2288.0737483501434,-1533.631831407547,-2284.2375934123993,-1689.3000900745392,-161.28523275256157,143.74476857483387,-1727.1888256072998,-1248.626485466957,706.0541957616806,1087.1144384145737,1012.2377425432205,1358.088105916977,1217.2391265630722,1736.3926768302917,-161.28523275256157,-901.8523246049881,-820.0426399707794,-811.6296678781509,-816.3823187351227,-1164.2970889806747,-1174.7442930936813,-1163.521260023117,-63.71851544827223,-1691.6991770267487,-603.3661961555481,-1071.5409368276596,1069.7074234485626,-2269.2540287971497,1562.2298419475555,-2498.8949298858643,1208.486631512642,-1983.9932024478912,1086.6905003786087,-1929.8206269741058,1006.1003267765045,-992.8123652935028,1897.9215621948242,-594.652071595192,3175.3233075141907,1392.362266778946,3274.70064163208,1600.7718443870544,3499.5099902153015,1953.9272785186768,1006.1003267765045
24.5,2570.7194209098816,2427.566796541214,2431.2254786491394,2429.455518722534,2395.421266555786,2399.62100982666,2397.664785385132,1431.4976334571838,1249.39925968647,2168.813794851303,2105.2607893943787,674.230307340622,916.4927154779434,1795.4936623573303,2778.3921360969543,3801.7618656158447,5331.863164901733,3986.046314239502,5528.216361999512,-13.870946131646633,13.192453188821673,2544.7267293930054,3678.6845326423645,2543.998956680298,2573.525607585907,2615.1928305625916,2439.6559596061707,3442.3229098320007,3521.2254524230957,-113.87094613164663,-4618.847966194153,-5053.306221961975,-5059.124827384949,-5060.715675354004,-4980.631768703461,-4987.940192222595,-5002.102851867676,-5357.32626914978,-5107.282996177673,-4536.784887313843,-4458.230435848236,-4010.021984577179,-3582.359254360199,-2699.1963386535645,-2166.3710474967957,-2335.023730993271,-1606.6719591617584,-2341.752350330353,-1755.2672326564789,-156.16441145539284,137.69271783530712,-1667.8440570831299,-1213.6465311050415,851.0381728410721,1237.6735359430313,1162.1249467134476,1525.394767522812,1335.0501656532288,1968.611627817154,-156.16441145539284,-888.0152553319931,-816.8083429336548,-808.459222316742,-812.8568530082703,-1142.7529901266098,-1152.823269367218,-1141.9211328029633,-57.13546182960272,-1636.1075639724731,-586.8081375956535,-1039.1732305288315,1098.0726778507233,-2214.1484916210175,1608.814001083374,-2502.385973930359,1474.757343530655,-2000.717669725418,1365.2823865413666,-1943.419724702835,1011.7539018392563,-999.2238879203796,1912.543624639511,-588.9216437935829,3167.4355268478394,1358.7449491024017,3265.499174594879,1564.3680095672607,3523.084819316864,1919.4896519184113,1011.7539018392563
