Time,C7,T10,CLAV,LFIN,LPSI,RBHD,RFIN,LFHD,RFHD,STRN,LBHD,LSHO,RSHO,LELB,RELB,LWRB,RWRB,LWRA,RWRA,LASI,RASI,LKNE,RKNE,LANK,RANK,LHEE,RHEE,LTOE,RTOE,RPSI,,,,,,,,,,,,,,,,,,,,,,,,,,,,,,,,,,,,,,,,,,,,,,,,,,,,,,,,,,,,
0,-961.6821259,-897.2808719,-891.7640895,-892.7609771,-1109.476238,-1104.652584,-1107.304394,84.79485288,-891.0110593,-508.3817989,-801.9013703,658.0147147,-344.9753672,554.1488528,-194.0749772,-207.1838081,-983.8302433,-407.1505368,-1006.853282,405.8082402,-402.0826891,512.8904432,369.2759201,1556.67156,1458.65798,1657.802463,1487.463564,546.9496176,425.3612831,-302.0826891,-5836.402774,-6221.563816,-6225.139499,-6230.421066,-6172.917485,-6182.466745,-6196.567416,-6327.114105,-6225.531697,-5707.243085,-5656.326413,-4693.440497,-4695.424139,-2279.958278,-1988.460422,1.628308528,167.2994718,173.3239368,351.2821719,15.61499666,-21.80362353,4037.099779,3981.868029,7668.583989,7853.601575,8113.634586,8320.994377,8547.230959,8663.777709,-21.80362353,-2085.487843,-2124.720067,-2117.668986,-2120.575309,-1885.316223,-1892.893761,-1882.999092,-1777.431071,-789.0126854,-1948.102415,-1653.660536,-2307.00925,669.4374233,-2852.192521,1181.917638,-3062.532544,434.8466173,-3042.940795,280.3149447,-928.395614,944.0438449,-902.2967517,1467.094719,-699.7650117,1888.476014,-777.0320773,1879.660487,-1821.509749,1261.162013,944.0438449
0.5,-940.3792769,-871.3195473,-865.7180518,-866.8807149,-1088.824645,-1084.013879,-1086.391285,124.0126044,-877.7285367,-482.9796031,-783.2627743,705.3571939,-345.5281258,606.6084281,-248.62241,-151.827829,-1197.022945,-351.8109769,-1222.041994,410.3692621,-406.6076502,563.0274862,405.960083,1632.248908,1519.628018,1730.885059,1545.683742,601.189658,443.7491298,-306.6076502,-5872.850418,-6256.477237,-6260.26988,-6265.264153,-6203.901172,-6213.528514,-6227.702498,-6357.852817,-6241.68694,-5742.055178,-5686.326623,-4712.319672,-4696.052969,-2286.17087,-1968.007833,-27.41180593,173.4742895,144.7209902,357.8523919,15.86424769,-22.03617012,4035.482705,3986.919224,7672.567964,7858.781815,8118.409514,8326.03395,8535.526395,8667.225838,-22.03617012,-2065.524608,-2104.53704,-2097.402364,-2100.277543,-1863.541305,-1870.979667,-1861.061007,-1744.461805,-760.4209334,-1933.279634,-1636.481732,-2265.289277,685.9459728,-2811.761498,1214.693561,-3023.220003,446.8938708,-3008.252978,291.2196144,-932.5701743,948.1616318,-933.0701828,1507.488489,-765.9893483,1973.659247,-848.4613895,1970.525831,-1907.650828,1381.062269,948.1616318
1,-944.8059648,-879.0377527,-873.4429628,-874.6548742,-1095.996574,-1091.171429,-1093.508378,118.0100441,-846.6880023,-484.9211499,-779.6357572,758.7939501,-318.6315298,698.7507641,-259.8206885,-107.4241474,-1299.106032,-318.0704266,-1344.339699,410.9824076,-407.2387889,564.0112981,424.2517799,1645.111144,1560.60338,1742.4348,1587.850004,598.7513438,460.0026086,-307.2387889,-5876.423717,-6260.80215,-6264.646053,-6269.581318,-6206.36344,-6216.042042,-6230.2351,-6368.144751,-6244.250536,-5747.531056,-5689.591765,-4717.077315,-4701.614976,-2291.678041,-1973.557472,-32.19756298,118.9544704,137.7476659,296.8585305,16.41632523,-22.60499401,4032.571018,3986.743391,7680.651546,7863.438129,8128.287196,8331.307769,8535.17592,8667.535186,-22.60499401,-1976.885349,-2023.137212,-2015.915513,-2018.442005,-1767.148077,-1774.182022,-1764.089167,-1720.34651,-671.1176783,-1868.769675,-1550.224572,-2240.511477,734.6463203,-2792.65672,1340.484768,-3010.537922,548.7500131,-2995.738685,387.2704878,-935.9167516,951.4994919,-966.4693475,1514.118165,-826.9518614,1976.347715,-911.9868279,1972.260922,-1973.44318,1384.022981,951.4994919
1.5,-897.3872662,-835.5084807,-828.6054432,-831.6425979,-1057.935208,-1054.594293,-1054.259539,127.6732702,-865.5229956,-453.6870122,-754.2516291,1026.718318,-730.5887341,1211.754531,-1407.02799,509.0076476,-2291.211337,319.9365735,-2257.758975,553.4858257,-548.9234626,525.8734524,370.8416596,1358.271092,1315.527707,1452.653259,1338.679194,552.4993688,171.9746739,-448.9234626,-5964.686871,-6343.434453,-6350.7092,-6352.148056,-6302.22559,-6310.727,-6325.660944,-6375.784874,-6271.629333,-5792.819262,-5738.096833,-4689.781964,-4582.200348,-2131.455392,-2207.688689,74.77372885,-2501.235008,219.6322568,-2547.566593,11.86996815,-18.88216357,4101.532698,3959.713876,7690.065503,7861.760259,8138.405085,8331.551552,8639.651537,8672.218323,-18.88216357,-1980.843991,-2002.940178,-1997.951865,-1996.386945,-1790.456772,-1796.535254,-1785.145551,-1584.139317,-712.9374146,-1832.810789,-1551.373005,-1828.104109,700.6654888,-1980.94368,115.5872177,-2137.534022,-2456.147373,-2187.914252,-2562.988102,-885.9469742,900.9900689,-917.313844,1169.337109,-735.3515923,1675.050259,-803.7213981,1648.627222,-1886.052787,836.5632594,900.9900689
2,-1086.781546,-1057.961285,-1052.387506,-1055.311337,-1145.689562,-1141.939759,-1143.241078,-73.66531063,-653.9496779,-618.7698245,-788.1382853,1037.574634,-554.0826172,1202.246547,-1189.049855,559.0412021,-2779.817283,336.904265,-2886.913419,567.3221871,-563.7472868,523.4196782,401.2342915,1338.741332,1338.696778,1416.912377,1335.772872,534.5794186,117.582297,-463.7472868,-6025.698185,-6404.786706,-6412.836909,-6413.31017,-6364.93206,-6373.215318,-6388.357878,-6441.25402,-6339.938641,-5845.108032,-5791.856647,-4718.906879,-4644.214809,-2110.085338,-2688.922286,79.87787016,-2555.757165,225.1477912,-2573.409677,9.504031041,-16.69260906,4141.945839,3963.000774,7767.002583,7905.954123,8231.183887,8389.99629,8735.012412,8717.980385,-16.69260906,-949.2225945,-1116.414145,-1109.360084,-1110.76124,-830.8499306,-838.4470642,-828.0842751,-1294.258088,-125.1216047,-1014.711112,-651.5767425,-1674.670428,920.2702343,-2075.839341,1957.062632,-2316.89319,1777.758002,-2341.651618,1632.711738,-853.9094031,868.4265614,-855.2952111,1072.115973,-562.4196678,1444.521248,-620.6319854,1439.219117,-1681.202948,744.3188876,868.4265614
2.5,-1969.257444,-2199.234068,-2192.796618,-2194.746435,-2164.732516,-2159.179151,-2162.786126,-1418.385059,-1366.443187,-1476.482451,-1464.453489,-203.4546435,-273.1294185,-404.0428996,-42.4010586,-796.7858762,-729.393512,-924.2496639,-783.0880582,110.6018107,-107.9191081,49.44676533,505.2186921,1139.522195,1222.20546,1264.039427,1199.671179,109.0846863,105.5809204,-7.919108123,-5033.192039,-5366.419554,-5370.981693,-5377.317071,-5380.384922,-5390.049815,-5404.415131,-5735.111833,-5924.480557,-5063.123107,-5094.220042,-4511.306882,-4662.212729,-2090.313733,-2159.623951,187.5239797,428.4024611,377.2661835,632.2140992,16.26134268,-23.6189994,4092.401564,3930.246532,7788.196206,7828.426957,8249.709606,8305.830956,8665.501475,8620.432615,-23.6189994,-567.4210563,-784.3349129,-780.3764194,-779.690221,-446.2761804,-453.0579969,-445.1671615,-1346.120834,70.55134047,-773.5070586,-348.0980918,-2116.080672,1019.107029,-2701.626718,1511.891633,-2596.291006,996.235311,-2548.149824,882.1298927,-916.9623256,932.8561276,-617.5976992,1330.354512,-325.4229203,1793.079674,-363.099128,1824.264228,-1227.17306,1267.007142,932.8561276
3,-2693.383694,-2961.204648,-2955.468595,-2958.303392,-2910.41404,-2905.503809,-2910.30407,-2210.353166,-2127.84633,-2200.18968,-2177.763879,-847.1992612,-689.2895699,-1045.237407,-31.00490896,-1334.374696,-785.3616774,-1437.421441,-827.5617659,93.04046631,-89.90513161,-374.3423894,-51.8597709,885.174349,1038.628891,1022.091359,1064.270884,-208.7855339,37.13971702,10.09486839,-4718.731642,-5043.395162,-5047.946572,-5054.032207,-5065.792799,-5075.200796,-5089.640617,-5483.55937,-5723.110437,-4789.380133,-4835.53648,-4365.991354,-4697.97045,-2043.201476,-2102.053165,291.3815714,488.7054488,502.1860451,711.5879655,25.16287612,-32.57938428,3993.774652,3739.417195,7627.621889,7391.633391,8072.513938,7853.482962,8461.456299,8309.271336,-32.57938428,-635.4085356,-844.5265144,-840.6366408,-839.5115286,-511.3067105,-517.6172778,-510.2914944,-1440.855265,77.42197253,-824.2113888,-409.0794176,-2311.556041,917.8406,-2936.760783,1363.463998,-2550.615668,852.4762094,-2484.887242,729.5228541,-975.4162282,991.7414188,-652.4010748,1533.616781,-469.5219919,2087.472677,-512.7200112,2122.791708,-1349.194795,1662.177294,991.7414188
3.5,-3815.025985,-4201.018214,-4195.815921,-4202.340543,-4166.448116,-4163.886011,-4172.750413,-3622.187376,-3678.116202,-3347.263932,-3363.025188,-2045.280933,-2233.46144,-3254.352212,-1886.258125,-4290.648699,-2319.552302,-4459.800422,-2365.783453,200.2463862,-199.5136961,-1927.494109,-2264.456153,391.7481005,219.8421583,674.5250523,442.1428591,-98.73120114,-293.7441133,-99.51369613,-3007.747829,-3263.30483,-3266.25973,-3271.083236,-3282.320797,-3288.246393,-3300.27312,-3927.429914,-4128.108323,-3229.912519,-3263.778985,-3115.855455,-3643.719554,-416.3847119,-1119.873673,1882.592589,1382.329613,2063.58999,1559.713632,110.4564779,-120.596569,1738.527864,1047.112718,4467.193186,4006.542861,4804.833233,4402.187169,5943.398476,5415.532589,-120.596569,-1339.175701,-1524.88932,-1520.403326,-1518.881768,-1191.68967,-1199.497208,-1194.88813,-2165.513635,-725.486353,-1588.399559,-1164.44163,-3075.870574,270.0886503,-3751.032352,636.1925602,-3226.052225,168.1401953,-3199.222088,55.71826361,-990.73641,1007.917225,-1078.1914,1848.596632,25.75954655,3105.969131,104.7079451,3221.947551,32.90600143,3409.232795,1007.917225
4,-4865.980148,-5199.341774,-5196.170211,-5203.302503,-5175.628662,-5176.944733,-5191.041827,-4645.529687,-4739.120305,-4451.78926,-4463.852346,-3020.883799,-3220.131099,-3899.747729,-3457.831144,-4986.881912,-4369.214773,-5143.413544,-4444.262683,182.0551045,-187.6062714,-3212.837875,-2934.827805,-381.8398342,-490.9005016,-83.51266384,-289.6721661,-1115.52842,-1030.949876,-87.60627136,-1410.622746,-1573.020667,-1577.365994,-1576.175839,-1606.087238,-1611.199826,-1618.270874,-2223.601192,-2405.10717,-1663.321406,-1687.601656,-1709.662974,-2170.755118,1083.580554,228.3255383,3237.632811,2460.736185,3290.842772,2575.329244,95.7246311,-103.4903154,803.6524802,352.0932421,3798.137009,3219.907582,4145.257473,3608.30009,4709.000289,4325.314462,-103.4903154,-1547.08162,-1734.423339,-1729.320437,-1728.574336,-1396.70521,-1404.957175,-1398.873776,-2301.688492,-846.7434347,-1747.575849,-1324.99069,-3019.601107,136.7860381,-3633.645773,550.7153645,-3460.076153,287.9637294,-3387.902975,123.0980642,-989.5342588,1005.654931,-1405.296028,1641.379893,-560.9157309,3041.568398,-444.1270977,3202.076554,-191.4374158,3767.476678,1005.654931
4.5,-5221.162438,-5458.35793,-5458.170176,-5462.700129,-5452.21746,-5455.628037,-5471.425056,-4694.637358,-4825.860262,-4753.572047,-4770.671725,-3261.187375,-3424.87812,-3861.288726,-3983.107507,-4733.439684,-4825.588167,-4882.170558,-4876.255989,65.08955266,-72.52114825,-3334.778845,-3485.886753,-574.6482685,-713.4386897,-287.1569432,-464.8923129,-1471.3642,-1299.885064,27.47885175,-1320.804954,-1594.8084,-1600.843817,-1594.39683,-1577.98633,-1583.827585,-1586.976498,-2235.042006,-2193.220258,-1502.200216,-1466.709226,-1474.571079,-1674.353182,1121.82945,823.9441365,3421.382606,3310.801983,3495.489657,3434.164822,54.76055201,-56.84935022,666.0526991,394.4722563,3647.432327,3224.733472,4016.501307,3626.128137,4712.334275,4450.94645,-56.84935022,-1573.504806,-1786.487252,-1778.612584,-1781.055927,-1478.634924,-1487.687677,-1479.637623,-2233.822197,-860.4161441,-1701.904088,-1308.092773,-2901.622951,294.4093384,-3518.285453,632.6760352,-3309.306204,520.6915364,-3239.536881,322.9757771,-981.4445674,995.3363985,-1385.432929,1595.222056,-653.1753391,2940.572202,-606.3407287,3077.787161,-427.2510111,3458.168209,995.3363985
5,-5256.003141,-5504.748225,-5505.177975,-5509.326458,-5496.297479,-5500.165224,-5516.625047,-4764.447808,-4892.598987,-4796.920717,-4809.938669,-3348.83064,-3521.007597,-3952.77977,-4077.053368,-4896.224439,-4866.808653,-5049.812198,-4914.290905,46.82288971,-54.70121745,-3309.546709,-3609.056771,-838.8161659,-1074.930653,-587.1110409,-847.4399894,-1875.573397,-1803.408712,45.29878255,-1179.255694,-1437.176466,-1442.777514,-1435.8823,-1432.120353,-1437.482983,-1439.577043,-2105.648071,-2098.595798,-1383.341998,-1357.807219,-1400.721073,-1657.02045,1192.78118,856.5623313,3502.323031,3385.356069,3572.082222,3516.417146,43.64714026,-44.59327087,772.5028694,289.3465757,3704.976141,3284.489512,4077.716768,3715.618849,4762.766063,4531.686008,-44.59327087,-1536.899209,-1754.915714,-1746.899337,-1749.59451,-1444.381177,-1453.385502,-1444.874555,-2161.47095,-827.7731389,-1674.852967,-1273.104548,-2776.443064,477.2743583,-3311.630189,831.4292878,-3239.863515,665.6057388,-3156.083822,466.4103314,-982.9965234,996.4001179,-1393.953115,2022.380084,-796.9083637,3364.909291,-771.1385936,3501.637578,-736.3514602,3888.973594,996.4001179
5.5,-5251.525044,-5481.051803,-5481.548309,-5485.578179,-5488.638282,-5492.732525,-5508.71253,-4748.589993,-4927.725494,-4783.36513,-4829.81503,-3337.705135,-3561.063707,-3854.710162,-4025.871754,-4745.062292,-4772.226512,-4897.943437,-4820.829928,47.76769783,-55.64758088,-3301.104605,-3366.679549,-921.2130308,-1028.407887,-675.8151203,-818.3994889,-1924.141645,-1775.844991,44.35241912,-1465.094388,-1787.605286,-1792.842299,-1784.156412,-1665.277928,-1671.410352,-1669.814438,-2425.606996,-2268.450558,-1617.345661,-1428.677142,-1544.281989,-1748.583615,1037.716046,769.0253109,3364.911973,3255.750537,3447.827995,3385.976255,31.31340491,-31.87165363,690.7398254,265.941862,3709.855676,3356.895745,4081.388116,3801.634312,4763.213396,4599.992335,-31.87165363,-1863.870174,-2004.975528,-1995.572597,-1998.336315,-1735.342592,-1745.390147,-1734.578311,-2122.448236,-911.1758322,-1857.19803,-1520.311385,-2727.220356,526.3414979,-3252.005577,905.2193165,-3154.714108,666.2138551,-3044.896424,459.8652199,-982.0287675,995.1130301,-1294.441372,2157.707661,-376.0151565,3218.049705,-327.238515,3318.730295,-309.2985786,3607.048094,995.1130301
6,-5430.678129,-5545.685887,-5548.166037,-5551.096797,-5551.760793,-5555.878878,-5572.574139,-4673.056901,-4838.64367,-4952.994585,-4979.283214,-3445.495665,-3487.899601,-3852.760494,-4054.364562,-4648.173153,-4835.998714,-4802.753925,-4882.236123,-34.62948604,25.04798118,-3209.020197,-2839.125693,-1100.985557,-1179.851815,-894.8227018,-1062.936932,-2113.372535,-2084.438801,125.0479812,-1846.994311,-2168.772817,-2173.646837,-2165.5038,-2198.412716,-2205.200046,-2206.792086,-2587.859631,-2814.174891,-1882.335842,-1908.612996,-1615.068316,-1806.414276,930.9241176,715.5232877,3275.171816,3164.118826,3367.485702,3278.091848,22.98943698,-23.61407736,1669.123471,1663.248688,4892.543554,4947.858751,5268.425941,5386.736989,5723.189116,5986.161828,-23.61407736,-510.4179308,-772.081688,-762.4708861,-763.8467103,-452.1582648,-460.4712874,-448.8485679,-1290.24744,61.90753542,-685.0660592,-277.5406465,-1940.800548,1220.596656,-2192.378193,1666.471362,-1734.507382,1424.990892,-1590.487808,1247.324273,-994.5806116,1008.674502,-921.850875,1819.517612,186.5373366,2557.591498,264.1665749,2625.180483,248.715207,2731.295228,1008.674502
6.5,-5753.732324,-5858.67703,-5861.157179,-5865.84568,-5841.202736,-5845.071077,-5861.691833,-4924.857914,-5005.815625,-5278.822184,-5277.994275,-3512.954712,-3665.712774,-3603.262007,-4023.050666,-4284.148514,-4707.837999,-4448.590875,-4739.913046,29.84439023,-40.79379607,-2087.073624,-2806.611359,-1431.052536,-1768.756807,-1377.754807,-1722.095609,-2898.985445,-2785.988152,59.20620393,-1689.584702,-2015.868276,-2020.427734,-2013.618797,-2063.572705,-2070.914805,-2071.381211,-2522.176802,-2760.685086,-1786.223203,-1829.047501,-1705.353558,-1690.518856,799.4172722,786.8002355,3143.615425,3297.80072,3262.373805,3413.152099,-63.16471379,61.69157103,2961.986661,2887.501717,6530.747414,6273.722053,6933.975816,6723.012328,7247.180343,7310.426235,61.69157103,-395.4618052,-637.5300139,-627.8014183,-628.1565875,-267.2778629,-273.7299167,-265.8678964,-1206.91143,318.5756877,-590.1994184,-138.3823249,-1977.466643,1461.336613,-2334.894389,2020.773292,-1934.300065,1658.96982,-1825.888455,1494.899839,-1077.939048,1096.088663,-1145.720705,1138.76611,-699.4154304,2166.027725,-695.9035993,2244.262546,-1187.918335,2066.189796,1096.088663
7,-5738.918185,-5871.875882,-5873.981714,-5878.855586,-5859.956145,-5864.631534,-5879.502892,-4944.811165,-5042.065382,-5253.478289,-5259.60207,-3463.551104,-3724.173307,-3334.173858,-3995.308578,-3968.093395,-4558.480978,-4132.813215,-4595.625103,132.7978354,-142.5729319,-1322.905421,-2599.638402,-314.1290322,-1637.949198,-217.7992277,-1604.651213,-1576.338112,-2601.492405,-42.57293195,-1863.740534,-2205.843627,-2210.09165,-2204.547077,-2228.860855,-2236.750275,-2239.122093,-2792.393863,-2928.064764,-1992.694288,-2017.49891,-2164.906412,-1736.069173,299.0956046,655.8731943,2840.537429,3260.067999,2995.488644,3378.326297,-117.642777,117.7964639,3421.540856,3294.9242,6921.564341,6466.681957,7317.174673,6902.239919,7887.585759,7623.912096,117.7964639,-318.2589263,-535.672605,-526.8262699,-526.121743,-170.4978198,-176.7667942,-169.5925556,-1052.228138,457.3967308,-496.3495582,-50.13850052,-1863.99579,1548.613757,-2318.879515,2128.733546,-2016.387582,1713.885665,-1956.444383,1546.81772,-1085.535735,1103.406325,-1621.406227,1148.631871,-1672.624648,2187.488824,-1720.572412,2253.933996,-2425.43906,2081.010044,1103.406325
7.5,-5613.272786,-5801.073909,-5802.630782,-5807.949305,-5783.495307,-5787.690878,-5802.258253,-4929.724038,-4991.274476,-5127.42579,-5131.71196,-3380.946219,-3658.470213,-3334.165812,-3718.631566,-4039.423764,-4228.967726,-4187.935889,-4251.224399,197.4448003,-206.3033171,-1568.630189,-2460.932583,-881.9560707,-1974.175423,-868.9399809,-2018.091381,-2435.273379,-3218.834698,-106.3033171,-2509.078085,-2800.148726,-2804.704309,-2800.368965,-2819.315195,-2827.446461,-2831.332982,-3369.773924,-3493.838906,-2651.31861,-2669.970095,-2637.820244,-2417.899966,-146.2428365,9.507508948,2211.868912,2573.923171,2336.145192,2695.198357,-116.7953014,117.470352,3475.76946,2917.298973,6883.121729,6211.589575,7278.068066,6676.350832,7691.808939,7339.596748,117.470352,-228.4433134,-410.5591774,-402.953811,-399.3857279,-56.18085619,-61.81856617,-57.40399007,-957.4182332,467.7081853,-415.8309847,9.315238567,-1827.620268,1539.017707,-2210.359424,1993.145943,-1864.657253,1375.719011,-1778.968275,1202.745214,-1083.527729,1101.087183,-1502.324641,1797.175556,-1425.902992,3242.245615,-1466.962397,3333.738744,-2055.266052,3279.521763,1101.087183
8,-4736.052752,-4947.511554,-4947.324693,-4953.454137,-4936.838448,-4940.592945,-4952.0877,-4146.669805,-4268.699586,-4265.426695,-4285.016358,-2607.756257,-3038.866818,-2568.618655,-3078.641593,-3532.687724,-3885.852098,-3685.24164,-3938.115239,214.898549,-222.9406871,-922.0907837,-2016.700208,-306.2662669,-1165.688634,-259.6737631,-1145.034656,-1929.029077,-2371.975183,-122.9406871,-3383.046985,-3699.288368,-3703.029156,-3702.173233,-3710.389137,-3720.674813,-3726.64094,-4283.943772,-4381.709993,-3513.520062,-3522.928655,-3358.09499,-3215.36541,-749.1265982,-758.3386451,1487.247646,1615.213901,1586.578786,1714.522392,-95.41527368,95.81907652,3912.689686,3259.35334,7366.096377,6614.114642,7777.985334,7095.148563,8060.322404,7734.925747,95.81907652,-58.18643142,-248.6392856,-240.1380241,-238.8309874,93.56215596,87.24359795,94.83423084,-769.5416361,640.3686106,-241.7229861,174.3097417,-1675.266474,1707.094014,-2046.101391,2217.97362,-1577.253491,1630.501151,-1478.472799,1469.342262,-1077.449247,1094.032004,-1303.743124,1315.587759,-1269.571632,2507.958114,-1313.065588,2573.470175,-2020.534724,2294.819504,1094.032004
8.5,-3510.365188,-3676.006198,-3675.190806,-3680.719733,-3662.296534,-3662.60916,-3672.066033,-2814.294398,-2923.24096,-3028.682768,-3051.825762,-1496.696025,-1884.239167,-1358.069181,-1688.557267,-2508.738339,-2663.342357,-2672.818899,-2752.637863,206.4162679,-213.0676247,-332.3329985,-251.1028759,763.9792562,448.4559596,851.1710912,412.2553766,-484.1899127,-940.3786808,-113.0676247,-4698.877633,-5021.201968,-5024.952888,-5027.084947,-5042.312145,-5054.588318,-5063.771009,-5483.754277,-5642.496943,-4770.075381,-4789.671302,-4446.403682,-4317.065179,-1950.998902,-1814.277023,37.95463825,337.9949555,129.3321606,428.8449883,-37.68996801,35.38015764,4163.53792,3611.083329,7736.898065,7210.387588,8158.748746,7712.877989,8212.864995,8016.02304,35.38015764,-153.9720688,-346.1102769,-337.0913863,-335.1813927,-4.462404468,-10.95815795,-2.124969178,-815.8121258,568.6971545,-331.5586597,85.69044061,-1728.663445,1637.173593,-2151.327133,2147.447169,-2027.518749,1272.233427,-1993.696541,1097.226441,-1030.193344,1045.550928,-1156.929582,1648.906469,-1130.919382,2626.262605,-1219.717562,2671.871781,-2023.103684,2239.781767,1045.550928
9,-2553.316951,-2653.936446,-2650.490105,-2655.750811,-2646.97969,-2644.16784,-2651.212811,-1731.755435,-1845.989227,-2067.333907,-2098.592073,-550.943166,-897.9447186,-307.7493794,-776.3263583,-1899.041831,-2017.444521,-2110.576332,-2121.42393,179.7391288,-183.3239384,-85.5484046,214.9507217,1156.885549,984.4673425,1259.837896,939.0829504,-13.91719794,-418.3394089,-83.3239384,-5169.55018,-5510.511994,-5514.523387,-5519.098043,-5522.428155,-5533.356667,-5545.076728,-5875.791907,-6007.701159,-5189.363956,-5201.390386,-4694.160223,-4612.68425,-2340.497673,-2104.605287,-759.9024475,-349.7990221,-716.2675261,-275.6136283,-17.13533304,12.95672613,4087.877572,3774.661422,7746.604681,7601.191998,8184.836507,8111.233711,8393.993974,8404.67751,12.95672613,-442.7715763,-676.6488403,-669.9911505,-671.3556498,-317.616947,-322.9923546,-315.133743,-1199.674457,302.7829155,-612.4136969,-166.3368382,-1910.790652,1390.41841,-2363.26769,1865.474135,-2195.084393,988.4557873,-2149.549127,818.0207014,-996.1199015,1010.577753,-941.645056,1858.991683,-956.1705589,2687.155604,-1054.532826,2722.251713,-1957.346201,2211.247385,1010.577753
9.5,-2365.916669,-2530.684471,-2525.703013,-2529.824674,-2516.179681,-2512.204647,-2518.220842,-1659.70996,-1739.332378,-1865.979135,-1890.824586,-413.0146652,-616.7871132,-304.4949658,-438.4452105,-1689.794213,-1645.077467,-1893.088222,-1748.540998,158.4099606,-159.4828442,-113.5592628,223.3221382,1056.56758,831.3630521,1167.698875,786.1743867,-49.89191424,-491.2596568,-59.48284417,-4930.441976,-5265.089273,-5268.597603,-5274.413228,-5272.562504,-5282.743573,-5295.11869,-5703.271031,-5825.948119,-4989.311099,-5000.072122,-4623.152912,-4547.569156,-2330.481261,-2040.363401,-704.5565546,-210.0628056,-620.2269346,-93.21569465,-12.06970424,6.849582423,4116.828144,3856.107295,7821.275592,7816.133499,8264.312148,8322.152495,8564.446568,8678.82669,6.849582423,-570.5222115,-812.2921735,-807.1316034,-807.9364896,-444.0407082,-449.3505508,-439.2515868,-1414.418966,161.1583494,-774.0838826,-310.7962199,-2091.941983,1189.15163,-2500.842214,1664.256155,-2177.710235,904.6053886,-2125.981003,734.1936976,-980.1181406,994.1345453,-767.428726,1951.21631,-648.1776386,2613.683641,-734.5014811,2632.548213,-1636.868268,2114.507705,994.1345453
10,-2628.398836,-2785.401046,-2780.724168,-2784.792185,-2766.527236,-2762.995958,-2768.746614,-1899.595559,-1959.449798,-2127.809078,-2146.996707,-619.126372,-861.0877395,-591.2992358,-793.2391018,-1921.244413,-1936.777383,-2138.495594,-2049.739361,149.0637939,-149.1002925,-30.58423288,278.1838179,1289.225817,1098.858565,1407.223791,1070.577279,88.07479404,-224.4946174,-49.10029247,-5007.106066,-5355.600119,-5359.095931,-5364.576578,-5353.2058,-5363.327265,-5376.176834,-5783.405304,-5870.925188,-5053.79498,-5054.937005,-4658.422768,-4573.626816,-2396.845967,-2107.003033,-774.2171735,-243.3813736,-697.3534077,-125.455074,-12.17094017,6.823649746,4081.87151,3869.198561,7812.578678,7851.490974,8265.334368,8359.771967,8506.302238,8701.319098,6.823649746,-292.9663658,-517.0031264,-511.2324655,-511.4098266,-149.6195514,-154.635543,-145.4614475,-1110.361591,429.8842326,-497.1893877,-42.86351148,-1944.939047,1417.114437,-2498.872578,1994.737685,-2254.058719,1219.7759,-2202.405334,1059.981436,-980.1531583,994.0240532,-885.5108172,1909.038275,-1153.453514,2387.635261,-1258.009821,2399.022877,-2115.810066,1961.971074,994.0240532
10.5,-2702.138722,-2859.742343,-2855.599523,-2859.812379,-2835.427225,-2832.297087,-2838.32252,-1974.086463,-1982.518435,-2200.395763,-2201.24796,-787.4013484,-745.6120104,-1591.087729,-505.9311539,-2930.107117,-1527.37096,-3060.025275,-1603.111029,57.60084838,-57.45935254,-732.2631031,526.3041332,-66.00718014,1892.102659,-11.6512028,1944.891363,-1225.466505,884.4104409,42.54064746,-5018.527508,-5371.45555,-5374.307632,-5379.231572,-5367.68198,-5378.251672,-5389.980078,-5756.957531,-5893.525481,-5042.988062,-5052.034855,-4600.869119,-4643.148184,-2351.752818,-2213.057131,-740.5465096,-225.9431593,-691.9205189,-103.5862043,-11.83481654,6.570926053,4068.261981,3833.208978,7760.803699,7763.826251,8209.128976,8273.698688,8433.243036,8607.641459,6.570926053,-129.2021666,-375.6102175,-370.6526011,-370.4861552,4.877531901,-0.339461221,7.839839091,-1035.67481,546.6735363,-360.3808954,109.9895593,-1909.223199,1513.711214,-2398.528159,2171.015888,-1650.051773,1486.577094,-1594.263315,1335.713714,-974.1906822,987.3536974,-902.3553133,1732.866913,-1068.584099,2024.816871,-1154.935956,2025.967091,-1906.856298,1659.01348,987.3536974
11,-2638.190687,-2813.201249,-2808.397114,-2812.353075,-2775.971591,-2772.239447,-2777.414322,-1931.180656,-1926.387846,-2128.581852,-2130.503058,-793.7693596,-686.3855571,-1705.677062,-435.8953238,-2873.644829,-1485.212147,-3000.200689,-1582.874209,160.4154706,-160.0596868,489.7871614,-674.0012765,1994.761229,-982.1441025,2131.358236,-1113.974303,789.1532034,-2533.823252,-60.05968675,-4961.647093,-5293.342471,-5296.828747,-5302.3386,-5329.871774,-5340.184569,-5353.84059,-5712.324381,-5945.117474,-5001.161098,-5056.505203,-4530.211687,-4714.487195,-2255.182713,-2227.352262,-551.1270091,-179.9752191,-432.8696057,-30.77026224,10.42511663,-15.67943487,4018.94778,3824.153841,7760.040164,7811.015844,8223.825693,8318.351507,8527.489305,8622.066379,-15.67943487,-239.5261452,-502.0675063,-497.2585663,-495.9757254,-115.0642335,-120.2104334,-111.0524405,-1222.797856,399.7233137,-498.5112324,-23.14139158,-2219.611257,1450.483948,-2602.742016,2005.046159,-1864.409149,1393.378526,-1821.021587,1249.42109,-1012.018993,1023.808494,-802.9298484,1732.622981,-586.8798867,2101.587951,-642.4017251,2070.626467,-1537.21869,1565.351188,1023.808494
11.5,-2560.552359,-2720.687985,-2716.370225,-2720.333338,-2678.5326,-2674.784064,-2680.721283,-1846.173555,-1813.19654,-2059.385478,-2054.243088,-753.2692701,-694.622919,-1881.737709,-473.4968394,-3133.981824,-1484.385431,-3242.70159,-1554.47498,223.2633904,-224.5428599,213.1400257,-490.8091947,1080.700681,401.208587,1117.646322,396.264568,-221.797917,-707.9581171,-124.5428599,-4951.815903,-5278.941989,-5282.422304,-5287.767649,-5318.620801,-5328.674316,-5341.799855,-5690.06741,-5973.852277,-4994.762838,-5056.816936,-4521.121085,-4721.89188,-2218.500823,-2224.180698,-514.2297968,-74.71979596,-384.070389,79.01960053,10.35123365,-15.6100723,4000.320733,3822.542429,7446.138859,7731.536031,7903.010249,8229.733109,8545.463681,8682.181835,-15.6100723,-149.9504969,-410.5579853,-405.3656384,-404.1464627,-33.22304226,-38.50160167,-31.00815695,-1127.818897,470.6791043,-394.4455087,70.7633188,-2076.116949,1486.032605,-2458.694577,2046.123743,-1716.877818,1402.487755,-1671.290398,1270.278096,-1019.208208,1030.531749,-939.0099347,1556.61881,-815.4930174,2123.945802,-866.7729795,2140.247971,-1725.099534,1656.416804,1030.531749
12,-2328.346372,-2516.640425,-2512.556612,-2516.883016,-2473.829538,-2469.940782,-2475.896776,-1670.639813,-1640.180349,-1830.254495,-1827.224195,-608.0647185,-531.8655446,-1657.064408,-534.2796072,-2797.065675,-1692.342013,-2920.839787,-1772.755086,199.3516274,-199.9409683,66.58413913,-105.9605461,917.5506979,796.5052128,984.7617894,790.1132852,-338.5104612,-292.6208638,-99.9409683,-5021.883845,-5346.639156,-5350.594521,-5355.609655,-5371.589065,-5381.737351,-5394.601226,-5758.086443,-5976.049304,-5073.295236,-5111.138821,-4614.854157,-4770.017564,-2239.227146,-2260.75843,-494.691357,-223.1333964,-358.6980328,-80.06411605,21.37731062,-27.13572932,3991.724253,3820.930421,7641.949058,7588.313818,8098.320961,8070.357442,8449.97108,8495.687842,-27.13572932,-149.2330059,-401.2402147,-395.638831,-394.5822269,-29.75160023,-34.91687588,-27.23402344,-1089.302301,475.6110534,-382.1077943,76.48267318,-1980.770081,1495.274901,-2401.608229,2081.958503,-1762.381196,1397.767365,-1717.850417,1257.929951,-1007.473022,1019.825265,-694.879517,2002.188861,-508.158803,2792.860568,-557.7364191,2839.63263,-1429.814547,2443.85004,1019.825265
12.5,-2313.690782,-2475.838065,-2471.300811,-2475.317866,-2437.038422,-2432.975322,-2438.602895,-1586.252302,-1563.279182,-1813.323051,-1809.53294,-515.3692514,-512.0124295,-1356.888413,-513.5896429,-2389.480174,-1625.473201,-2514.93901,-1694.925725,186.2406358,-186.2134039,19.23262025,52.16554739,938.6163205,985.3749722,1014.424488,982.1647406,-320.3079477,-113.550676,-86.21340394,-5066.490173,-5397.322178,-5401.4045,-5406.281352,-5412.167907,-5422.403812,-5435.202718,-5777.788162,-5970.330834,-5100.285411,-5129.486918,-4600.85243,-4744.875729,-2180.170119,-2169.899642,-391.5626556,-150.9252284,-250.4839376,-0.059030594,23.07456918,-28.97812985,3985.061347,3825.728595,7673.627734,7611.185312,8128.567338,8092.555404,8424.983621,8498.960733,-28.97812985,-211.7988653,-460.3029042,-454.4919729,-454.1131482,-83.77507329,-89.10818957,-81.84626698,-1133.27302,445.6271976,-441.3284734,24.79619347,-1996.024847,1448.351145,-2422.884852,1990.698576,-1820.29441,1245.395988,-1778.928936,1092.530936,-996.9453514,1010.180116,-739.1876727,1935.031414,-677.716583,2705.979943,-748.834163,2753.195167,-1643.903255,2288.192511,1010.180116
13,-2363.674492,-2506.968975,-2502.109408,-2506.239414,-2464.087903,-2460.036278,-2464.86038,-1582.761109,-1568.47626,-1860.07902,-1852.871627,-548.6061424,-490.4103652,-1276.213825,-450.4667222,-2240.297198,-1539.183557,-2355.199605,-1605.505198,112.6987301,-111.9440142,-455.6924105,-156.7924581,932.5423837,882.1393549,1042.160541,881.2844753,-342.1039507,-356.1550379,-11.94401421,-5121.236444,-5456.440449,-5460.586548,-5465.776324,-5473.882556,-5483.934879,-5497.060418,-5801.689029,-6001.446843,-5135.101676,-5170.000196,-4565.17905,-4752.675295,-2098.062634,-2159.651816,-292.6160954,-129.4541173,-163.7104712,19.84982984,26.33562544,-32.22266911,3967.752755,3799.504936,7610.54337,7520.327568,8048.920035,8001.300693,8314.864635,8412.831426,-32.22266911,-398.2508928,-644.9116021,-639.5372003,-638.4783983,-259.6617676,-265.0249936,-257.7974834,-1323.811561,292.5532311,-634.3109161,-155.1628951,-2208.818942,1364.014894,-2624.877691,1910.745949,-1923.981607,1136.787012,-1881.542802,981.4678133,-1038.99464,1052.855253,-954.3707967,2308.06008,-1046.32929,3183.909357,-1121.740043,3233.137429,-1907.824427,2984.033227,1052.855253
13.5,-2136.964202,-2168.209702,-2163.531333,-2167.6597,-2142.502964,-2138.68171,-2143.652439,-1137.315482,-1160.042062,-1636.85441,-1644.866467,-288.1100401,-289.0637517,-1160.21134,-440.1001334,-2598.09196,-1566.934139,-2704.502344,-1627.780199,102.9081363,-102.6084181,-440.1251674,-254.1899122,949.2115676,715.9808278,1060.266122,706.9770992,-220.9214121,-508.1241578,-2.608418092,-5501.404405,-5847.15426,-5850.692987,-5855.614543,-5857.892036,-5867.624879,-5880.199075,-6013.088822,-6188.614368,-5419.223905,-5448.298454,-4599.359632,-4756.61844,-2247.655541,-2189.920098,-1232.370511,-598.3448029,-1268.841326,-556.1267212,18.05873122,-24.10189947,3960.26969,3786.667883,7576.577663,7578.953505,8008.344173,8057.410717,8245.49377,8433.340788,-24.10189947,-378.7064925,-631.769374,-626.1716783,-625.1960993,-241.6613512,-247.2336963,-239.4308522,-1277.272403,354.2847559,-596.7980996,-113.2183801,-2084.141076,1432.859004,-2378.920764,1958.127767,-1647.99735,1103.027388,-1587.764323,943.4423596,-1047.29794,1061.178073,-1067.002341,2049.880326,-1221.679971,2675.129473,-1299.699694,2687.901855,-2094.588578,2353.280187,1061.178073
14,-1920.893341,-1939.502507,-1935.165226,-1939.638704,-1922.94538,-1918.8869,-1924.065351,-923.1458604,-973.9860147,-1420.847028,-1439.442337,-80.21668531,-192.3067681,-1761.789173,-1332.415789,-3611.989319,-2596.714795,-3687.047064,-2622.776628,92.58050472,-93.40794757,-496.0280284,37.39312524,1175.508127,1084.113196,1372.482479,1107.227057,471.8500003,51.5344413,6.59205243,-5493.995547,-5840.319395,-5843.290091,-5847.47076,-5847.434402,-5857.274532,-5869.820714,-6033.532619,-6205.431819,-5426.700115,-5453.031659,-4672.261178,-4682.337046,-2941.872776,-2727.309167,-2963.728905,-1822.672337,-3115.96781,-1881.383955,-10.10023057,4.272931255,3986.55653,3891.234696,7488.344908,7592.527866,7908.46169,8066.818714,8331.353068,8529.781699,4.272931255,-167.4892195,-423.6886278,-417.9699346,-418.006815,-44.99803763,-52.94363014,-44.79777999,-1038.948298,535.5591699,-366.7055443,95.10632604,-1838.929057,1505.917609,-2391.859293,2393.991649,-2449.689507,2240.198404,-2382.19142,2124.471664,-1039.154753,1052.573398,-1075.184569,1513.260752,-954.0805221,1790.894121,-983.5279733,1785.821617,-1408.415884,1438.76642,1052.573398
14.5,-2112.889737,-2093.252242,-2088.984847,-2093.372643,-2070.578188,-2067.462355,-2071.512192,-1098.527312,-1091.316044,-1637.474597,-1635.182798,-517.1465874,-375.4761815,-3011.002541,-2273.004949,-4852.363467,-4257.279932,-4866.858125,-4342.833757,33.39433111,-34.91301322,-976.8102318,240.4908463,-75.45602508,1906.022578,-1.103326358,1991.521567,-1154.913381,1106.79388,65.08698678,-5687.424541,-6043.59746,-6045.52865,-6049.169302,-6057.910919,-6068.335772,-6080.593467,-6069.033742,-6249.036193,-5524.199605,-5554.032326,-4671.194553,-4657.285511,-3858.20359,-3754.130006,-4465.377033,-4082.64488,-4598.715603,-4190.075099,-24.23408674,18.77531642,3967.537284,3884.647787,7562.560439,7629.374862,8001.375198,8097.163439,8296.853304,8537.980318,18.77531642,3.593259607,-231.0898341,-224.9134518,-223.9280194,135.4815625,129.2200852,137.3866294,-847.7822691,658.8344276,-202.8295584,237.7991937,-1708.984077,1638.152152,-2234.658301,2536.191046,-2004.434615,2437.619567,-1923.999488,2316.859514,-1024.799049,1036.04041,-1251.409799,1668.480039,-1518.271565,2086.229622,-1601.461768,2098.999768,-2308.294028,1827.810258,1036.04041
15,-1977.236718,-1940.718144,-1936.458051,-1941.365004,-1914.542317,-1911.168396,-1915.266961,-967.5932676,-958.2807869,-1524.47626,-1524.830759,-424.7110337,-311.8105419,-3117.12265,-2302.751392,-4823.65191,-4071.576297,-4803.994596,-4131.491482,82.61891082,-84.63285863,114.706587,-363.3233532,1292.895377,-149.225872,1378.953904,-250.7570945,73.88941944,-1492.280811,15.36714137,-5723.406076,-6079.19395,-6081.79152,-6085.182428,-6100.16644,-6109.822989,-6122.398376,-6087.519526,-6287.255287,-5567.040443,-5596.07327,-4649.754465,-4793.102145,-4023.822546,-4624.30954,-4956.454635,-5363.382697,-5120.610595,-5466.516018,-18.71495158,13.13369721,3980.634809,3832.547069,7620.510459,7562.832236,8076.964021,8063.009977,8363.161087,8327.11637,13.13369721,-219.543837,-457.030274,-450.0369728,-451.0565102,-103.4065243,-109.9257451,-101.6058773,-1022.723317,409.7750783,-401.0749608,14.69596638,-1865.077466,1499.937475,-2511.310279,2339.069694,-2506.616712,2012.617737,-2460.450679,1862.448305,-1033.68476,1044.189334,-725.4630327,1916.789114,-688.2501394,2791.543305,-747.5724816,2840.064466,-1547.049731,2287.699431,1044.189334
15.5,-1825.553179,-1750.002503,-1746.028215,-1750.989705,-1731.551141,-1727.809459,-1731.286943,-728.4679264,-737.1056825,-1367.147863,-1374.576688,-141.9928949,-257.1608126,-2878.715396,-2378.132045,-4553.945065,-4161.739349,-4599.373341,-4203.011394,139.3632498,-141.4036099,-50.80729723,-363.516286,973.5112637,323.0957687,1022.140682,258.192122,-9.069983498,-959.1023624,-41.40360989,-5814.626813,-6182.142496,-6184.351444,-6185.948253,-6196.367741,-6205.524802,-6217.414737,-6141.088009,-6303.151846,-5621.334314,-5645.349622,-4670.099914,-4850.092828,-4756.376445,-5301.981568,-5917.921662,-6390.98227,-6063.326001,-6504.198909,-29.93901027,24.68487713,3954.726458,3833.306134,7589.191794,7653.511167,8041.514754,8146.772981,8399.037123,8429.617882,24.68487713,-389.5028308,-620.4697862,-613.694042,-616.4013594,-263.9009431,-271.8620189,-264.7055313,-1163.747534,294.8218957,-569.152832,-142.9092232,-1942.915618,1275.860071,-2855.79145,2156.021893,-2992.920876,1760.188788,-2958.408296,1592.018306,-1028.393432,1037.955135,-687.5974685,1575.859636,-483.0248654,2230.982631,-529.0203169,2252.619714,-1327.83547,1648.977101,1037.955135
16,-1561.476588,-1516.10285,-1512.337327,-1517.172903,-1494.295597,-1489.703655,-1493.797749,-517.838113,-528.3534154,-1103.811711,-1114.505753,-7.512228913,34.73569173,-2826.386988,-2359.337211,-4403.618872,-4139.313102,-4385.401607,-4182.322919,133.2714036,-134.6866786,-73.0261812,-96.08680382,909.4550461,802.3112267,985.0447625,783.1791043,20.32938413,-56.24081939,-34.68667865,-5782.854557,-6148.349643,-6150.856614,-6152.939796,-6166.484356,-6175.717711,-6187.755466,-6133.947968,-6302.549243,-5601.495504,-5629.059672,-4771.432281,-4905.301332,-5067.278743,-5344.312787,-6404.27649,-6511.73532,-6544.626951,-6642.633677,-32.34606469,26.7964066,3973.403275,3860.100508,7629.243731,7711.156011,8083.478212,8181.59461,8371.3305,8463.857174,26.7964066,-322.2562745,-561.2904951,-554.7321215,-556.4042553,-204.9399912,-212.0293118,-205.2801289,-1109.346375,353.4397483,-496.285148,-72.76210468,-1923.39316,1325.608492,-2794.681489,1995.986253,-2681.638896,1379.618496,-2627.293468,1215.331405,-1019.205004,1028.686762,-516.6609958,1583.144218,-193.6176978,2202.925682,-218.7897824,2231.475711,-994.3933785,1657.065153,1028.686762
16.5,-1536.477208,-1494.221985,-1490.540057,-1495.206207,-1474.210173,-1469.569951,-1473.775506,-508.5816607,-528.2412097,-1085.850224,-1100.208685,19.18298542,23.72791292,-2780.112624,-2372.149825,-4414.980412,-4260.787666,-4375.25034,-4295.7744,130.8131963,-131.9002826,-87.64201775,-63.59643303,894.5999295,870.5218881,978.3060104,854.5205742,23.73420401,-12.63077138,-31.90028258,-5769.431591,-6134.508252,-6137.12132,-6139.020324,-6161.752939,-6170.588732,-6182.441711,-6122.789979,-6308.827996,-5585.599542,-5620.20123,-4796.203673,-4932.619035,-4930.62377,-5304.530263,-6109.552979,-6366.024613,-6247.612834,-6486.212611,-32.07341535,26.40466904,3988.191783,3856.199682,7642.691731,7663.660049,8091.852665,8120.216131,8341.667056,8407.869935,26.40466904,-277.6818722,-516.3916945,-509.4661936,-511.3339052,-164.3911377,-171.2758839,-165.0068164,-1051.271185,393.2024911,-444.6246475,-26.0611088,-1893.339902,1355.507523,-2729.222178,1951.0445,-2553.339303,1217.464879,-2499.222457,1052.222624,-1012.04358,1021.395251,-482.8679562,1584.21427,-148.4219637,2216.349691,-171.7296802,2246.173471,-924.3749827,1686.941832,1021.395251
17,-1631.95312,-1623.448879,-1619.62986,-1624.332964,-1612.924635,-1608.110368,-1612.395048,-685.9519333,-724.9644399,-1171.3548,-1193.575487,-24.31569854,-160.2418348,-2791.087925,-1534.097344,-4608.062804,-2520.861626,-4606.455863,-2490.451187,92.14966558,-93.60009804,-605.096966,-105.8507431,872.6856858,850.501433,972.0383584,852.3777127,76.68167353,41.5273197,6.399901956,-5476.824641,-5843.535662,-5845.22903,-5848.077536,-5855.157375,-5864.611268,-5876.131654,-5968.22083,-6123.738289,-5361.537933,-5390.542746,-4741.655588,-4679.957926,-4661.277831,-3234.116733,-5128.744841,-1817.774475,-5219.064355,-1812.271327,-32.78587013,27.13755472,3957.556486,3799.808323,7484.936118,7497.327924,7905.174494,7949.380875,8358.902931,8352.612853,27.13755472,-251.2648143,-486.7408797,-481.1940342,-482.2985455,-128.696952,-136.117246,-129.8045181,-1049.714908,421.9726846,-436.8427768,-5.686847144,-1896.790415,1323.516816,-2796.005607,2002.922148,-2675.459683,1471.174955,-2612.456977,1322.40817,-1004.33059,1013.686284,-677.2632897,1461.132318,-471.6937989,1924.634278,-491.1745712,1944.777817,-1050.254032,1424.54192,1013.686284
17.5,-1770.855784,-1842.647195,-1838.286072,-1842.928678,-1800.426543,-1796.110421,-1800.656468,-948.6363828,-876.4156699,-1308.280975,-1289.327294,-272.1917257,-119.2470733,-2676.683664,-1594.91986,-4808.367789,-4239.796698,-4847.427607,-4374.263287,-3.176233731,1.874751615,-666.5408611,47.38624673,475.8346826,1141.815707,594.6905911,1171.805412,-426.5612364,210.3998326,101.8747516,-5348.001122,-5703.598857,-5705.688596,-5709.07712,-5712.862611,-5722.107887,-5734.095573,-5883.604288,-6048.704386,-5269.119143,-5296.465755,-4669.255018,-4642.50356,-3832.283616,-3684.239984,-3965.623677,-3462.761641,-4083.366394,-3517.879248,-29.56909593,23.81738974,3957.142532,3834.516406,7703.543305,7659.878135,8156.79431,8146.237135,8386.470079,8591.812849,23.81738974,-158.4778912,-406.9624469,-401.2949765,-400.8926824,-43.31601318,-49.99632016,-42.19629802,-1033.347398,457.4585706,-365.6948358,73.14612623,-1891.05466,1349.508762,-2687.55734,2178.738862,-2247.129232,1814.215183,-2153.62221,1671.543717,-1011.140421,1020.373926,-1027.201265,1625.698656,-1306.929886,2050.039619,-1388.125569,2072.626203,-1998.932958,1805.967689,1020.373926
18,-1703.761965,-1825.673729,-1821.505129,-1826.001108,-1784.316599,-1779.938638,-1784.811467,-958.7295353,-892.4587071,-1217.005849,-1206.197962,-3.295362985,-153.3847954,-2104.69529,-2073.990554,-4295.198619,-4532.567561,-4420.266449,-4672.128558,62.93800194,-63.45686037,-145.9000818,-50.51039159,646.9222158,967.0294076,719.9726999,961.3291174,-264.7159435,-272.6931125,36.54313963,-5365.222692,-5721.98987,-5724.164248,-5727.363825,-5730.445385,-5740.100741,-5752.248764,-5909.93762,-6059.30984,-5280.995965,-5309.270024,-4696.033001,-4659.781754,-3424.787819,-3415.045738,-3165.308535,-2959.839106,-3273.545802,-3020.482361,-25.06037476,18.82795943,3948.009014,3829.610646,7750.709057,7768.063545,8214.481473,8268.351555,8351.647258,8604.434133,18.82795943,-64.13063966,-304.0533885,-297.5037321,-297.9198843,57.90191237,51.55494437,60.50453987,-947.9978681,561.4388362,-279.5075439,166.1865413,-1827.228516,1514.066011,-2528.153956,2314.19608,-2418.905795,1901.329458,-2341.758907,1753.023714,-1003.506258,1013.145149,-975.8044034,1581.316888,-1115.506068,1943.221688,-1164.106131,1950.395703,-1770.314425,1554.233432,1013.145149
18.5,-2156.768143,-2357.206345,-2352.519333,-2356.840521,-2312.199622,-2306.634933,-2313.017249,-1541.32098,-1488.731652,-1650.803238,-1640.869826,-456.744954,-464.9826139,-2243.12827,-1983.748972,-4386.935234,-4367.667139,-4545.325339,-4499.077797,73.14696908,-73.02887738,-179.8416488,-104.3134741,604.3813005,838.977918,689.3705577,842.3683047,-284.8070115,-322.4576637,26.97112262,-5081.905127,-5437.574983,-5440.241694,-5444.422364,-5430.067182,-5439.801812,-5452.805758,-5819.786787,-5901.340842,-5106.51052,-5106.129646,-4731.298387,-4552.090466,-3139.540851,-2718.258798,-2498.473674,-1737.14757,-2553.163767,-1749.380827,-27.44284924,20.75880766,3966.619074,3825.848103,7760.328054,7767.907977,8220.784664,8262.864351,8355.095387,8631.544709,20.75880766,8.465360734,-227.462519,-221.1340331,-221.8525112,125.8011442,120.4701979,130.0809439,-891.5300667,611.2160906,-214.4416794,229.9422212,-1793.919653,1559.872627,-2431.364208,2360.302359,-2320.627421,1997.693777,-2247.276008,1860.868335,-999.7048229,1010.43582,-649.4578719,1566.742808,-511.9595677,1949.773282,-562.340878,1956.891865,-1244.678646,1525.270641,1010.43582
19,-2397.29166,-2645.447254,-2641.015053,-2645.460963,-2587.098479,-2582.159638,-2588.006854,-1894.869208,-1790.840626,-1900.203973,-1876.603812,-823.5814422,-600.4643813,-2526.539862,-1749.150008,-4511.564672,-3844.300807,-4671.836197,-4009.017944,62.87647877,-62.34588567,-205.2495815,-139.5732816,597.2968787,712.2624665,678.5397232,700.8756697,-368.531011,-553.6055565,37.65411433,-4825.218022,-5165.341496,-5168.613195,-5172.897577,-5157.133937,-5167.284012,-5180.105567,-5640.960336,-5711.328983,-4904.246926,-4900.175333,-4687.820375,-4441.488683,-2761.586905,-2309.669256,-1528.334469,-703.3000141,-1516.786218,-649.8060375,-30.84745957,23.92073395,3930.32819,3792.905211,7704.264522,7734.174132,8160.95531,8234.296441,8199.124336,8556.836247,23.92073395,67.13627838,-164.0078798,-157.3002525,-158.4622823,187.058188,182.4568212,192.0151338,-853.5826951,642.9368258,-166.243203,277.5714546,-1777.676791,1609.786898,-2433.606833,2343.902439,-2502.554655,1936.02398,-2432.281226,1796.035767,-998.7674654,1009.840965,-742.5813377,1743.452698,-769.5727795,2171.29305,-843.7398821,2184.131145,-1531.014293,1851.882935,1009.840965
19.5,-2639.969885,-2893.569469,-2889.452875,-2893.725336,-2848.555446,-2844.225764,-2849.821448,-2149.808705,-2107.995003,-2149.430215,-2141.436338,-1048.518121,-822.6165175,-2411.486208,-1636.073291,-4005.200565,-3347.090483,-4164.467454,-3474.716842,32.89608285,-32.76703414,-393.4308514,-84.00671184,546.0533127,691.1172718,630.7803094,665.2598083,-589.6361917,-575.7318437,67.23296586,-4647.395015,-4983.693063,-4987.097681,-4992.016852,-4978.652596,-4988.874495,-5001.159906,-5520.851016,-5599.091649,-4758.6146,-4756.492674,-4573.982954,-4386.015236,-2318.134755,-1909.828782,-802.49466,-77.517014,-754.2067766,-2.404886181,-29.46702065,22.47279976,3919.56985,3777.970076,7673.403025,7685.507536,8121.584058,8179.292679,8192.505836,8459.271789,22.47279976,-16.46065502,-241.4673939,-234.9441685,-234.9482663,108.0357935,102.948295,111.7321197,-900.9320289,580.1126733,-235.9053306,203.1451464,-1813.468039,1590.00352,-2435.606718,2149.428725,-2341.803014,1432.856619,-2279.039919,1289.570779,-1007.381007,1019.652188,-792.1452075,1851.568669,-862.3218536,2400.94915,-939.6886826,2428.275794,-1645.485163,2082.187384,1019.652188
20,-2927.84363,-3160.070181,-3156.3434,-3161.007464,-3120.120764,-3116.537333,-3122.676313,-2405.662984,-2389.635444,-2447.66891,-2446.335405,-1290.918887,-1086.288765,-2388.942987,-1599.843353,-3778.497577,-3247.261643,-3912.911117,-3367.353082,15.55687166,-16.00653399,-414.8855805,-81.98074065,550.381802,625.5722791,640.2716786,588.4742364,-550.4374579,-633.5805357,83.99346601,-4633.693099,-4966.37255,-4970.020652,-4974.765182,-4970.805943,-4981.299043,-4993.405938,-5478.66106,-5591.425896,-4731.327295,-4740.476012,-4480.458796,-4389.950037,-2055.465877,-1905.750185,-517.161116,-166.5927842,-468.5967043,-98.8671463,-25.83011985,18.79921532,3850.76642,3748.439252,7585.682869,7661.129832,8027.573228,8157.13048,8160.414696,8442.809582,18.79921532,-198.4133013,-426.5328869,-420.2200845,-419.2890599,-81.7183964,-87.54555136,-79.2423822,-1044.187993,399.6097296,-400.9428993,28.25748641,-1899.271011,1459.711194,-2428.883612,1933.266371,-2141.825408,1192.500964,-2085.111737,1046.263725,-1007.963866,1020.329371,-790.2403176,1903.283,-744.7246462,2539.775968,-804.2952418,2571.727931,-1443.924308,2237.841487,1020.329371
20.5,-3052.745759,-3258.017898,-3254.37963,-3259.41354,-3216.053545,-3212.836087,-3219.285905,-2484.368831,-2457.238734,-2576.730847,-2570.663095,-1425.208449,-1141.964197,-2391.970009,-1621.739864,-3768.803477,-3192.3002,-3892.767131,-3298.434913,5.783227971,-6.957523874,-515.0490999,-78.23595777,274.5159715,498.1407151,333.2625329,434.736535,-916.2183106,-875.4825592,93.04247613,-4666.591287,-5000.399947,-5004.15504,-5008.60393,-5006.856918,-5017.410517,-5029.497147,-5483.673811,-5605.498552,-4749.619961,-4761.588871,-4441.018105,-4393.651783,-1982.251704,-1898.691207,-491.2095517,-144.1963203,-447.6805776,-76.42892655,-26.05364192,19.06188438,3835.59972,3756.762743,7599.904537,7717.020512,8050.432205,8219.583631,8153.207898,8442.287445,19.06188438,-181.1714843,-415.4137522,-409.046486,-408.2031548,-68.24732292,-74.12672043,-65.51789586,-1036.789641,411.2004116,-385.1661459,45.29912956,-1895.188242,1481.365412,-2323.520184,1931.138337,-1807.745844,1206.694469,-1744.526029,1058.600396,-1008.895934,1021.323651,-870.1056987,1779.468209,-895.2890337,2114.523947,-968.5990959,2106.666714,-1630.249172,1755.77879,1021.323651
21,-3064.036965,-3269.373178,-3265.847564,-3270.872533,-3226.524293,-3223.351836,-3229.925334,-2493.588626,-2463.531196,-2587.38786,-2580.544353,-1444.414556,-1132.858917,-2436.092794,-1630.63243,-3832.736015,-3207.860291,-3957.152069,-3316.09726,-8.268098463,6.490321248,-560.936816,-76.39572956,256.7258477,467.7917808,321.8441829,402.9344767,-920.3790128,-909.3141556,106.4903212,-4657.736123,-4988.360107,-4992.150068,-4996.423125,-4999.051988,-5009.824634,-5021.646619,-5466.72821,-5603.860021,-4738.698006,-4755.600691,-4417.382479,-4379.080832,-1977.640837,-1889.946461,-493.2432622,-109.8252833,-458.329916,-43.40540618,-26.70258749,19.76012718,3830.718398,3755.702078,7602.155209,7733.459473,8054.449558,8238.913417,8152.613044,8441.183567,19.76012718,-161.1860469,-399.018079,-392.4783692,-391.7552531,-49.19268191,-55.18841092,-46.60069942,-1025.931388,430.5277392,-367.0354933,65.87400101,-1889.236718,1511.825919,-2300.262302,1936.562806,-1824.023873,1237.645522,-1758.321077,1090.515256,-1009.800583,1022.235677,-869.1570908,1738.272309,-847.8876203,2051.434666,-914.7620201,2044.814527,-1550.70439,1681.544036,1022.235677
21.5,-2996.143401,-3176.996708,-3173.626661,-3178.53272,-3137.423396,-3134.436011,-3140.909672,-2364.211231,-2344.850451,-2516.961694,-2512.917221,-1344.346255,-1084.882542,-2329.08383,-1564.91518,-3813.52514,-3096.477091,-3942.507803,-3197.593987,-8.444449049,6.519542658,-543.2122946,-64.97609429,314.9201721,480.0030217,380.3117573,416.3619503,-881.2135458,-900.0200778,106.5195427,-4710.496366,-5041.476488,-5045.312643,-5049.492717,-5054.238439,-5065.190792,-5076.943636,-5496.596694,-5643.55731,-4778.58752,-4798.365235,-4406.849742,-4385.866523,-1975.284517,-1898.10887,-480.5538431,-56.16778508,-448.054336,16.26715297,-26.92969749,20.02564957,3837.185502,3760.668337,7615.947127,7736.446857,8070.906401,8241.787553,8179.181218,8449.552655,20.02564957,-140.2693707,-380.4654628,-373.5750541,-373.1631115,-25.14841035,-31.01892071,-22.17466477,-1011.161208,469.3387076,-347.2277522,91.90333076,-1884.593964,1568.94207,-2302.615047,2034.212351,-1833.638698,1290.060729,-1771.80469,1137.18994,-1011.816934,1024.278402,-872.3895997,1728.798449,-850.1749486,2066.10322,-917.9483354,2064.890712,-1580.797434,1700.862348,1024.278402
30,-2614.460588,-2740.890384,-2737.343609,-2742.088437,-2703.455985,-2700.021267,-2706.312835,-1868.47195,-1856.513023,-2138.921469,-2137.65651,-1015.919074,-737.779513,-2189.624012,-1367.812902,-3737.346828,-2841.81416,-3860.423565,-2921.064496,-11.67930663,9.769129101,-508.8079721,5.338514457,350.2981365,524.0269378,412.1429101,446.912609,-797.7563888,-866.5372431,109.7691291,-5056.036115,-5388.430357,-5392.388701,-5396.671891,-5408.256054,-5419.284105,-5431.003571,-5708.475709,-5887.666941,-5054.693222,-5083.339214,-4450.981617,-4482.037723,-2035.977989,-1955.473274,-516.7427659,-53.16224415,-476.9772664,31.5672229,-26.63922729,19.72439699,3851.807117,3768.920302,7647.95959,7733.107209,8104.161024,8232.537508,8146.884441,8386.132717,19.72439699,-106.0340088,-348.9001095,-341.5932506,-341.4022177,10.60015289,4.867719254,13.68777128,-973.0830789,523.4798789,-309.3957528,133.0470201,-1862.004995,1635.068506,-2242.007107,2058.771849,-1724.459678,1295.131743,-1653.302163,1142.541096,-1010.657176,1023.294702,-701.6717643,1713.870913,-434.3889654,2099.134773,-478.5927758,2106.997669,-1143.998951,1731.635034,1023.294702
